email_text,category
"De: pviana@example.com
Para: equipe@empresa.com
Assunto: Reconhecimento

Olá equipe,

Agradeço pelo trabalho prestado, foi muito útil.

Atenciosamente,
Luiz Felipe Casa Grande
Mototaxista",Improdutivo
"De: hellenarezende@example.org
Para: suporte@empresa.com
Assunto: Relatório de Erro

Prezados,

Solicito atualização do Microsoft Dynamics para a versão 2.5.

Atenciosamente,
Levi da Conceição
Chefe de cozinha",Produtivo
"De: vrios@example.com
Para: equipe@empresa.com
Assunto: Agradecimento

Olá equipe,

Parabéns pelo excelente trabalho no última demanda.

Atenciosamente,
Maria Júlia Vieira
Ginasta artística",Improdutivo
"De: marianalopes@example.net
Para: suporte@empresa.com
Assunto: Problema Técnico

Prezados,

Problema com relatórios: não salva as alterações

Atenciosamente,
Ana Vitória Novaes
Intérprete e tradutor de língua de sinais",Produtivo
"De: isabella92@example.org
Para: suporte@empresa.com
Assunto: Problema Técnico

Prezados,

Necessito de treinamento para usar o Microsoft Dynamics.

Atenciosamente,
Júlia da Mota
Psicomotricista",Produtivo
"De: carolina63@example.net
Para: equipe@empresa.com
Assunto: Reconhecimento

Olá equipe,

Que tenham um feriado abençoado!

Atenciosamente,
Marcos Vinicius Pires
Serralheiro",Improdutivo
"De: ugoncalves@example.com
Para: equipe@empresa.com
Assunto: Agradecimento

Olá equipe,

Aprecio muito a dedicação da equipe de vendas.

Atenciosamente,
Bruno Brito
Seringueiro",Improdutivo
"De: fandrade@example.org
Para: suporte@empresa.com
Assunto: Relatório de Erro

Prezados,

Problema com a funcionalidade de exportação.

Atenciosamente,
Daniel Barbosa
Modelo",Produtivo
"De: emanuelly30@example.com
Para: suporte@empresa.com
Assunto: Dúvida sobre Sistema

Prezados,

Problema de performance no aplicação.

Atenciosamente,
Yan Machado
Meredeira",Produtivo
"De: clarice36@example.net
Para: equipe@empresa.com
Assunto: Agradecimento

Olá equipe,

Desejo sucesso no lançamento.

Atenciosamente,
Oliver Carvalho
Agente funerário",Improdutivo
"De: enrico69@example.org
Para: suporte@empresa.com
Assunto: Dúvida sobre Sistema

Prezados,

Como faço para importar no sistema?

Atenciosamente,
Ágatha Dias
Líder comunitário",Produtivo
"De: cassianobruna@example.org
Para: suporte@empresa.com
Assunto: Problema Técnico

Prezados,

Problema de performance no aplicação.

Atenciosamente,
Igor Cardoso
Webmaster",Produtivo
"De: sampaioleonardo@example.com
Para: equipe@empresa.com
Assunto: Felitações

Olá equipe,

Agradeço pela paciência e atenção.

Atenciosamente,
Yuri Duarte
Cumim",Improdutivo
"De: lorenzocastro@example.org
Para: suporte@empresa.com
Assunto: Dúvida sobre Sistema

Prezados,

Problema com importação: não salva as alterações

Atenciosamente,
Dra. Pietra Caldeira
Numerólogo",Produtivo
"De: pietramendonca@example.org
Para: equipe@empresa.com
Assunto: Cumprimentos

Olá equipe,

Reconhecimento pelo esforço da equipe.

Atenciosamente,
Eduardo Fonseca
Coreógrafo",Improdutivo
"De: mouraenzo-gabriel@example.net
Para: equipe@empresa.com
Assunto: Cumprimentos

Olá equipe,

Agradeço pela paciência e atenção.

Atenciosamente,
Mariane Gonçalves
Cartunista",Improdutivo
"De: vieiracecilia@example.com
Para: equipe@empresa.com
Assunto: Reconhecimento

Olá equipe,

Cumprimentos pela equipe competente.

Atenciosamente,
Dom Cavalcanti
Técnico tributarista",Improdutivo
"De: theodoro59@example.org
Para: suporte@empresa.com
Assunto: Relatório de Erro

Prezados,

Não consigo configurar devido a configuração.

Atenciosamente,
Raul Freitas
Revisor",Produtivo
"De: martinsjose-miguel@example.org
Para: equipe@empresa.com
Assunto: Agradecimento

Olá equipe,

Parabéns pelo aniversário da empresa!

Atenciosamente,
Esther Siqueira
Obstetra",Improdutivo
"De: vieiradanilo@example.com
Para: equipe@empresa.com
Assunto: Reconhecimento

Olá equipe,

Cumprimentos pela qualidade do suporte.

Atenciosamente,
Breno Costa
Peixeiro",Improdutivo
"De: ana-juliacostela@example.net
Para: equipe@empresa.com
Assunto: Agradecimento

Olá equipe,

Feliz Páscoa para todos!

Atenciosamente,
Brayan da Conceição
Juiz ou árbitro de futebol",Improdutivo
"De: monteiropedro-henrique@example.net
Para: equipe@empresa.com
Assunto: Cumprimentos

Olá equipe,

Parabéns pelo excelente trabalho no tarefa concluída.

Atenciosamente,
Sr. João Pedro Mendes
Leão de chácara",Improdutivo
"De: cunhaana-laura@example.net
Para: equipe@empresa.com
Assunto: Agradecimento

Olá equipe,

Agradeço pelo suporte sempre eficiente.

Atenciosamente,
Thales Andrade
Engenheiro agrícola",Improdutivo
"De: manuela80@example.com
Para: equipe@empresa.com
Assunto: Cumprimentos

Olá equipe,

Agradecimentos pelo bom atendimento oferecido.

Atenciosamente,
Benício Vasconcelos
Auditor",Improdutivo
"De: silvaarthur-gabriel@example.com
Para: suporte@empresa.com
Assunto: Solicitação de Suporte

Prezados,

Preciso de ajuda com a integração do sistema legado.

Atenciosamente,
Zoe Lima
Coordenador",Produtivo
"De: bruno75@example.com
Para: equipe@empresa.com
Assunto: Agradecimento

Olá equipe,

Que tenham um final de semana abençoado!

Atenciosamente,
Pietra Gomes
Marechal",Improdutivo
"De: santoscecilia@example.net
Para: equipe@empresa.com
Assunto: Cumprimentos

Olá equipe,

Excelente trabalho no implementação do sistema.

Atenciosamente,
Léo Guerra
Açougueiro",Improdutivo
"De: jade60@example.org
Para: suporte@empresa.com
Assunto: Relatório de Erro

Prezados,

Solicito informações sobre licenciamento.

Atenciosamente,
Guilherme Oliveira
Bancário",Produtivo
"De: acamargo@example.net
Para: suporte@empresa.com
Assunto: Problema Técnico

Prezados,

Relatório de bug: os dados não são exibidos

Atenciosamente,
Maitê Ferreira
Acupunturista",Produtivo
"De: qnovaes@example.org
Para: equipe@empresa.com
Assunto: Agradecimento

Olá equipe,

Feliz Natal para todos!

Atenciosamente,
Mirella Martins
Transcritor",Improdutivo
"De: pintojade@example.net
Para: equipe@empresa.com
Assunto: Reconhecimento

Olá equipe,

Parabéns pelo excelente trabalho no última demanda.

Atenciosamente,
Carolina Garcia
Viveirista",Improdutivo
"De: piresdavi@example.org
Para: equipe@empresa.com
Assunto: Felitações

Olá equipe,

Agradeço pelo suporte prestado, foi muito útil.

Atenciosamente,
Vitor Gabriel Pacheco
Contatólogo",Improdutivo
"De: mateus44@example.com
Para: equipe@empresa.com
Assunto: Felitações

Olá equipe,

Desejo sucesso no lançamento.

Atenciosamente,
Alana Duarte
Engenheiro petroquímico",Improdutivo
"De: beatriz63@example.org
Para: suporte@empresa.com
Assunto: Solicitação de Suporte

Prezados,

Problema com o acesso ao dashboard.

Atenciosamente,
Sophie Freitas
Telegrafista",Produtivo
"De: cassianostephany@example.org
Para: suporte@empresa.com
Assunto: Problema Técnico

Prezados,

Como faço para migrar no sistema?

Atenciosamente,
Isaque Fonseca
Cientista da informação e documentação",Produtivo
"De: vieiravinicius@example.org
Para: equipe@empresa.com
Assunto: Reconhecimento

Olá equipe,

Desejo um feriado maravilhoso para toda a equipe.

Atenciosamente,
Benjamim Mendonça
Mágico",Improdutivo
"De: teixeiravitor-gabriel@example.net
Para: equipe@empresa.com
Assunto: Cumprimentos

Olá equipe,

Que tenham um feriado abençoado!

Atenciosamente,
Maria Alice Costela
Advogado",Improdutivo
"De: dda-cruz@example.net
Para: suporte@empresa.com
Assunto: Problema Técnico

Prezados,

Não consigo configurar devido a relatórios.

Atenciosamente,
Rhavi Lima
Jogador de handebol",Produtivo
"De: camargoguilherme@example.com
Para: suporte@empresa.com
Assunto: Solicitação de Suporte

Prezados,

Não consigo importar devido a relatórios.

Atenciosamente,
Maitê Correia
Instrutor",Produtivo
"De: yasmin87@example.com
Para: suporte@empresa.com
Assunto: Dúvida sobre Sistema

Prezados,

Solicitação de suporte para o projeto Sed.

Atenciosamente,
Sr. José Pedro Rezende
Ortesista",Produtivo
"De: yanda-costa@example.net
Para: equipe@empresa.com
Assunto: Felitações

Olá equipe,

Desejo um final de semana tranquilo.

Atenciosamente,
Dra. Eloah Casa Grande
Profissional de reciclagem",Improdutivo
"De: gguerra@example.org
Para: suporte@empresa.com
Assunto: Relatório de Erro

Prezados,

Dúvida sobre como usar o dashboard.

Atenciosamente,
Sr. Marcelo Lopes
Radialista programador",Produtivo
"De: kaique96@example.com
Para: equipe@empresa.com
Assunto: Cumprimentos

Olá equipe,

Agradeço pela paciência e atenção.

Atenciosamente,
Dom Marques
Artista/Técnico em espetáculos de diversões",Improdutivo
"De: daraujo@example.com
Para: suporte@empresa.com
Assunto: Solicitação de Suporte

Prezados,

Encontrei um erro ao exportar. Podem me ajudar?

Atenciosamente,
Lucas Gabriel da Luz
Engenheiro de manufatura",Produtivo
"De: carolinesiqueira@example.com
Para: suporte@empresa.com
Assunto: Dúvida sobre Sistema

Prezados,

Solicito assistência para configurar o dashboard.

Atenciosamente,
Antônio Ramos
Gerente de inovações ou novos negócios",Produtivo
"De: vitormoraes@example.org
Para: suporte@empresa.com
Assunto: Relatório de Erro

Prezados,

Preciso de suporte técnico para relatórios no sistema SAP.

Atenciosamente,
Maria Cecília Martins
Topógrafo",Produtivo
"De: ypacheco@example.net
Para: suporte@empresa.com
Assunto: Solicitação de Suporte

Prezados,

Preciso de ajuda com a integração do API externa.

Atenciosamente,
André Câmara
Jogador de tênis de mesa",Produtivo
"De: cardosomaria-isis@example.com
Para: suporte@empresa.com
Assunto: Relatório de Erro

Prezados,

Solicito atualização do Salesforce para a versão 4.1.

Atenciosamente,
Hellena Andrade
Tecnólogo em processos químicos",Produtivo
"De: zsilveira@example.com
Para: equipe@empresa.com
Assunto: Felitações

Olá equipe,

Excelente trabalho no migração de dados.

Atenciosamente,
Maria Cecília da Conceição
Engenheiro de manufatura",Improdutivo
"De: mayada-mota@example.net
Para: suporte@empresa.com
Assunto: Relatório de Erro

Prezados,

Necessito de treinamento para usar o Microsoft Dynamics.

Atenciosamente,
Enrico Andrade
Cenotécnico",Produtivo
"De: antoniomoura@example.net
Para: suporte@empresa.com
Assunto: Solicitação de Suporte

Prezados,

Como faço para migrar no sistema?

Atenciosamente,
Marcelo Aragão
Ciclista",Produtivo
"De: goncalveseloa@example.net
Para: suporte@empresa.com
Assunto: Dúvida sobre Sistema

Prezados,

Problema de performance no servidor.

Atenciosamente,
Dom Pereira
Continuista",Produtivo
"De: zfogaca@example.org
Para: suporte@empresa.com
Assunto: Relatório de Erro

Prezados,

Como faço para exportar no sistema?

Atenciosamente,
Srta. Maria Liz Leão
Adestrador de animais",Produtivo
"De: josecassiano@example.org
Para: equipe@empresa.com
Assunto: Felitações

Olá equipe,

Excelente trabalho no migração de dados.

Atenciosamente,
Ana Liz Moraes
Psicomotricista",Improdutivo
"De: carvalhovitoria@example.org
Para: suporte@empresa.com
Assunto: Relatório de Erro

Prezados,

Relatório de bug: os dados não são exibidos

Atenciosamente,
Otto Nascimento
Luthier",Produtivo
"De: emanuella11@example.net
Para: suporte@empresa.com
Assunto: Problema Técnico

Prezados,

Solicito informações sobre novas funcionalidades.

Atenciosamente,
Paulo Barbosa
Engenheiro civil",Produtivo
"De: bento65@example.net
Para: suporte@empresa.com
Assunto: Dúvida sobre Sistema

Prezados,

Como resetar minha senha de acesso?

Atenciosamente,
Ana Lívia Campos
Consultor de moda",Produtivo
"De: carlos-eduardoribeiro@example.net
Para: suporte@empresa.com
Assunto: Dúvida sobre Sistema

Prezados,

Como resetar minha senha de acesso?

Atenciosamente,
Isis da Paz
Protesista",Produtivo
"De: beatrizcampos@example.org
Para: suporte@empresa.com
Assunto: Relatório de Erro

Prezados,

Erro ao tentar configurar no módulo usuários.

Atenciosamente,
Eloá Silva
Taifeiro",Produtivo
"De: hmoraes@example.net
Para: suporte@empresa.com
Assunto: Solicitação de Suporte

Prezados,

Problema de performance no banco de dados.

Atenciosamente,
Ana Lívia Moreira
Técnico em hardware",Produtivo
"De: luanda-mata@example.com
Para: equipe@empresa.com
Assunto: Agradecimento

Olá equipe,

Agradecimentos pelo bom atendimento realizado.

Atenciosamente,
Ana Carolina Pastor
Engenheiro naval",Improdutivo
"De: fernando05@example.org
Para: equipe@empresa.com
Assunto: Cumprimentos

Olá equipe,

Feliz Natal!

Atenciosamente,
Maria Júlia Nascimento
Soldador",Improdutivo
"De: ncamara@example.com
Para: equipe@empresa.com
Assunto: Felitações

Olá equipe,

Desejo um final de semana tranquilo.

Atenciosamente,
Heitor Aparecida
Fiscal",Improdutivo
"De: ana-laurafernandes@example.com
Para: equipe@empresa.com
Assunto: Agradecimento

Olá equipe,

Agradecimentos pelo bom atendimento oferecido.

Atenciosamente,
Srta. Cecilia Pimenta
Vendedor",Improdutivo
"De: diogo68@example.com
Para: suporte@empresa.com
Assunto: Solicitação de Suporte

Prezados,

Problema de performance no servidor.

Atenciosamente,
Isabella Mendonça
Delegado",Produtivo
"De: wlopes@example.net
Para: suporte@empresa.com
Assunto: Relatório de Erro

Prezados,

Problema com o acesso ao painel administrativo.

Atenciosamente,
Bruna Siqueira
Vigia parlamentar",Produtivo
"De: yfogaca@example.org
Para: equipe@empresa.com
Assunto: Felitações

Olá equipe,

Feliz Carnaval para todos!

Atenciosamente,
Liz Moreira
Profissional de cinema",Improdutivo
"De: moraesdanilo@example.net
Para: suporte@empresa.com
Assunto: Dúvida sobre Sistema

Prezados,

Problema com o acesso ao módulo de relatórios.

Atenciosamente,
Miguel Carvalho
Empresário",Produtivo
"De: xbrito@example.com
Para: suporte@empresa.com
Assunto: Problema Técnico

Prezados,

Dúvida sobre como usar o módulo de relatórios.

Atenciosamente,
Dr. Francisco Novaes
Designer de jóia",Produtivo
"De: correiathales@example.com
Para: equipe@empresa.com
Assunto: Cumprimentos

Olá equipe,

Muito obrigado pelo atendimento rápido.

Atenciosamente,
Bryan Gonçalves
Químico farmacêutico",Improdutivo
"De: anogueira@example.net
Para: equipe@empresa.com
Assunto: Cumprimentos

Olá equipe,

Agradecimentos pelo bom atendimento prestado.

Atenciosamente,
Sr. Isaac Sales
Engenheiro elétrico",Improdutivo
"De: lunna19@example.com
Para: equipe@empresa.com
Assunto: Agradecimento

Olá equipe,

Reconhecimento pelo esforço da equipe.

Atenciosamente,
Ana Laura Câmara
Manobrista",Improdutivo
"De: tsa@example.net
Para: equipe@empresa.com
Assunto: Agradecimento

Olá equipe,

Parabéns pelo excelente trabalho no tarefa concluída.

Atenciosamente,
Luiz Otávio Moraes
Engenheiro de som",Improdutivo
"De: hda-rosa@example.net
Para: equipe@empresa.com
Assunto: Agradecimento

Olá equipe,

Cumprimentos pela equipe competente.

Atenciosamente,
Dr. João Miguel Ribeiro
Faturista",Improdutivo
"De: matheus35@example.net
Para: equipe@empresa.com
Assunto: Agradecimento

Olá equipe,

Reconhecimento pelo esforço da equipe.

Atenciosamente,
Sr. Luiz Fernando Machado
Engenheiro de produção agroindustrial",Improdutivo
"De: maysa82@example.org
Para: equipe@empresa.com
Assunto: Reconhecimento

Olá equipe,

Feliz Carnaval para todos!

Atenciosamente,
Srta. Maria Isis Barbosa
Atleta de nado sincronizado",Improdutivo
"De: ydias@example.org
Para: equipe@empresa.com
Assunto: Reconhecimento

Olá equipe,

Cumprimentos pela qualidade do atendimento.

Atenciosamente,
Dr. Rhavi Dias
Garçom",Improdutivo
"De: alvescecilia@example.net
Para: suporte@empresa.com
Assunto: Solicitação de Suporte

Prezados,

Dúvida sobre como usar o painel administrativo.

Atenciosamente,
Clara Pereira
Técnico em arquivo",Produtivo
"De: nascimentotheodoro@example.net
Para: equipe@empresa.com
Assunto: Reconhecimento

Olá equipe,

Cumprimentos pela equipe competente.

Atenciosamente,
Pedro Miguel Martins
Regente",Improdutivo
"De: stephanycaldeira@example.net
Para: equipe@empresa.com
Assunto: Agradecimento

Olá equipe,

Reconhecimento pelo esforço da equipe.

Atenciosamente,
Alexandre Pimenta
Feirante",Improdutivo
"De: lopescarolina@example.com
Para: suporte@empresa.com
Assunto: Problema Técnico

Prezados,

Dúvida sobre como usar o módulo de relatórios.

Atenciosamente,
Matteo Sá
Regente",Produtivo
"De: sara37@example.com
Para: suporte@empresa.com
Assunto: Solicitação de Suporte

Prezados,

Solicito informações sobre novas funcionalidades.

Atenciosamente,
Helena Macedo
Terapeuta floral",Produtivo
"De: pcampos@example.com
Para: equipe@empresa.com
Assunto: Agradecimento

Olá equipe,

Agradecimentos pelo bom atendimento realizado.

Atenciosamente,
Enzo Montenegro
Preparador de máquinas",Improdutivo
"De: maria-luiza27@example.net
Para: suporte@empresa.com
Assunto: Dúvida sobre Sistema

Prezados,

Necessito de suporte urgente para urgente.

Atenciosamente,
Alexia Santos
Microfonista",Produtivo
"De: mfreitas@example.net
Para: equipe@empresa.com
Assunto: Felitações

Olá equipe,

Desejo um final de semana tranquilo.

Atenciosamente,
Arthur Miguel das Neves
Tecnólogo em navegação fluvial",Improdutivo
"De: clarasales@example.com
Para: suporte@empresa.com
Assunto: Solicitação de Suporte

Prezados,

Problema com o acesso ao dashboard.

Atenciosamente,
Matheus Cassiano
Agente funerário",Produtivo
"De: alicianascimento@example.org
Para: suporte@empresa.com
Assunto: Relatório de Erro

Prezados,

Erro ao tentar exportar no módulo relatórios.

Atenciosamente,
Nina Brito
Ferreiro",Produtivo
"De: hmoreira@example.net
Para: equipe@empresa.com
Assunto: Cumprimentos

Olá equipe,

Feliz Natal para todos!

Atenciosamente,
Benjamim Moraes
Soldado",Improdutivo
"De: maria-luisateixeira@example.com
Para: equipe@empresa.com
Assunto: Reconhecimento

Olá equipe,

Agradeço pela colaboração no tarefa concluída.

Atenciosamente,
Isadora da Cunha
Pedreiro",Improdutivo
"De: maria-laura17@example.com
Para: equipe@empresa.com
Assunto: Felitações

Olá equipe,

Reconhecimento pelo esforço da equipe.

Atenciosamente,
Arthur Miguel Nunes
Analista de sistemas",Improdutivo
"De: diasmaria-cecilia@example.net
Para: equipe@empresa.com
Assunto: Felitações

Olá equipe,

Parabéns pelo excelente trabalho no última demanda.

Atenciosamente,
Ana Laura Souza
Engenheiro de controle e automação",Improdutivo
"De: luiz-fernando48@example.org
Para: equipe@empresa.com
Assunto: Cumprimentos

Olá equipe,

Feliz Páscoa!

Atenciosamente,
Renan Rios
Camelô",Improdutivo
"De: da-pazmaria-julia@example.com
Para: equipe@empresa.com
Assunto: Agradecimento

Olá equipe,

Agradeço pela colaboração no tarefa concluída.

Atenciosamente,
Stephany Novais
Engenheiro de energia",Improdutivo
"De: das-nevesfernanda@example.com
Para: equipe@empresa.com
Assunto: Felitações

Olá equipe,

Agradeço pela paciência e atenção.

Atenciosamente,
Antonella Câmara
Técnico tributarista",Improdutivo
"De: zalmeida@example.net
Para: equipe@empresa.com
Assunto: Cumprimentos

Olá equipe,

Desejo um final de semana tranquilo.

Atenciosamente,
Francisco Montenegro
Cineasta",Improdutivo
"De: martinsbenicio@example.net
Para: equipe@empresa.com
Assunto: Felitações

Olá equipe,

Agradeço pela paciência e atenção.

Atenciosamente,
Dra. Catarina da Paz
Comissário de bordo",Improdutivo
"De: ocampos@example.net
Para: suporte@empresa.com
Assunto: Problema Técnico

Prezados,

Erro ERRO_640 ao tentar acessar configurações.

Atenciosamente,
Sr. Leandro Lopes
Montador",Produtivo
"De: ggoncalves@example.com
Para: suporte@empresa.com
Assunto: Dúvida sobre Sistema

Prezados,

Problema de performance no aplicação.

Atenciosamente,
Luiz Henrique Porto
Kite-surfer",Produtivo
"De: machadohenry-gabriel@example.org
Para: equipe@empresa.com
Assunto: Reconhecimento

Olá equipe,

Reconhecimento pelo esforço da equipe.

Atenciosamente,
Carlos Eduardo Cunha
Cartunista",Improdutivo
"De: davi-lucca39@example.net
Para: suporte@empresa.com
Assunto: Problema Técnico

Prezados,

Preciso de ajuda com a integração do API externa.

Atenciosamente,
Marina Moreira
Procurador de justiça",Produtivo
"De: beniciopacheco@example.net
Para: suporte@empresa.com
Assunto: Dúvida sobre Sistema

Prezados,

Preciso de ajuda com a integração do API externa.

Atenciosamente,
Nina Pinto
Engenheiro de ergonomia",Produtivo
"De: cmoraes@example.org
Para: equipe@empresa.com
Assunto: Agradecimento

Olá equipe,

Feliz Ano Novo!

Atenciosamente,
Matheus Rodrigues
Radiooperador de vôo",Improdutivo
"De: piresdiogo@example.org
Para: suporte@empresa.com
Assunto: Solicitação de Suporte

Prezados,

Problema de performance no aplicação.

Atenciosamente,
Esther Camargo
Vistoriador de sinistros",Produtivo
"De: erickaraujo@example.com
Para: equipe@empresa.com
Assunto: Agradecimento

Olá equipe,

Agradeço pelo atendimento prestado, foi muito útil.

Atenciosamente,
Manuella das Neves
Passador",Improdutivo
"De: oliverpereira@example.org
Para: equipe@empresa.com
Assunto: Felitações

Olá equipe,

Muito obrigado pela parceria.

Atenciosamente,
Davi Silva
Cientista",Improdutivo
"De: heloisa01@example.org
Para: suporte@empresa.com
Assunto: Solicitação de Suporte

Prezados,

Erro ERRO_673 ao tentar acessar relatórios.

Atenciosamente,
Camila Vieira
Parteira tradicional",Produtivo
"De: gabriela46@example.org
Para: equipe@empresa.com
Assunto: Reconhecimento

Olá equipe,

Feliz Ano Novo!

Atenciosamente,
Isabelly Mendonça
Policial militar",Improdutivo
"De: aurora72@example.com
Para: suporte@empresa.com
Assunto: Solicitação de Suporte

Prezados,

Problema de performance no aplicação.

Atenciosamente,
Dom Souza
Designer de produto ou desenhista industrial",Produtivo
"De: bianca71@example.com
Para: equipe@empresa.com
Assunto: Reconhecimento

Olá equipe,

Agradecimentos pelo bom atendimento prestado.

Atenciosamente,
Luan Teixeira
Lutador de taekwondo",Improdutivo
"De: lorenzo70@example.com
Para: suporte@empresa.com
Assunto: Solicitação de Suporte

Prezados,

Solicito atualização do SAP para a versão 3.4.

Atenciosamente,
Pedro Miguel Rodrigues
Ambulante",Produtivo
"De: silvakaique@example.org
Para: suporte@empresa.com
Assunto: Relatório de Erro

Prezados,

Erro ao tentar importar no módulo relatórios.

Atenciosamente,
Ian Castro
Clap loader",Produtivo
"De: liz63@example.net
Para: equipe@empresa.com
Assunto: Reconhecimento

Olá equipe,

Muito obrigado pelo atendimento prestativo.

Atenciosamente,
Luana Alves
Cientista de alimentos",Improdutivo
"De: henry93@example.org
Para: equipe@empresa.com
Assunto: Felitações

Olá equipe,

Parabéns pelo aniversário da empresa!

Atenciosamente,
Eduardo Aparecida
Empresário",Improdutivo
"De: noah78@example.org
Para: suporte@empresa.com
Assunto: Solicitação de Suporte

Prezados,

Dúvida sobre como usar o painel administrativo.

Atenciosamente,
João Lucas Alves
Windsurfer",Produtivo
"De: pedro-lucas49@example.net
Para: equipe@empresa.com
Assunto: Felitações

Olá equipe,

Cumprimentos pela equipe competente.

Atenciosamente,
Mathias Porto
Despachante",Improdutivo
"De: salesana-carolina@example.com
Para: equipe@empresa.com
Assunto: Felitações

Olá equipe,

Agradeço pela colaboração no tarefa concluída.

Atenciosamente,
Hadassa Guerra
Bancário",Improdutivo
"De: theosilva@example.net
Para: suporte@empresa.com
Assunto: Dúvida sobre Sistema

Prezados,

Necessito de treinamento para usar o app mobile.

Atenciosamente,
Ana Luiza Rodrigues
Cortador de cana-de-açucar",Produtivo
"De: ana-liz01@example.com
Para: suporte@empresa.com
Assunto: Problema Técnico

Prezados,

Preciso de ajuda com a integração do API externa.

Atenciosamente,
Maria Cecília Lopes
Violonista",Produtivo
"De: gabrielsouza@example.net
Para: suporte@empresa.com
Assunto: Relatório de Erro

Prezados,

Problema com login: apresenta erro inesperado

Atenciosamente,
Sr. Carlos Eduardo Pires
DJ",Produtivo
"De: jaderios@example.org
Para: suporte@empresa.com
Assunto: Relatório de Erro

Prezados,

Preciso de ajuda com a integração do ERP.

Atenciosamente,
Ryan da Luz
Geólogo",Produtivo
"De: ngoncalves@example.com
Para: suporte@empresa.com
Assunto: Problema Técnico

Prezados,

Necessito de suporte urgente para urgente.

Atenciosamente,
Helena Moura
Adestrador de animais",Produtivo
"De: ninabarbosa@example.com
Para: suporte@empresa.com
Assunto: Problema Técnico

Prezados,

Problema com o acesso ao painel administrativo.

Atenciosamente,
Clara Viana
Sushiman",Produtivo
"De: dmachado@example.net
Para: equipe@empresa.com
Assunto: Agradecimento

Olá equipe,

Que tenham um feriado abençoado!

Atenciosamente,
Oliver Moreira
Tecnólogo em irrigação e drenagem",Improdutivo
"De: vcavalcante@example.net
Para: suporte@empresa.com
Assunto: Relatório de Erro

Prezados,

Necessito de suporte urgente para importante.

Atenciosamente,
Dr. Francisco Garcia
Bóia-fria",Produtivo
"De: elisanovaes@example.net
Para: suporte@empresa.com
Assunto: Solicitação de Suporte

Prezados,

Encontrei um erro ao configurar. Podem me ajudar?

Atenciosamente,
Dr. Luiz Otávio Monteiro
Endocrinologista",Produtivo
"De: aparecidagabriel@example.org
Para: suporte@empresa.com
Assunto: Relatório de Erro

Prezados,

Problema com a funcionalidade de pesquisa.

Atenciosamente,
Rodrigo Santos
Ortodontista",Produtivo
"De: maria-julia92@example.net
Para: equipe@empresa.com
Assunto: Agradecimento

Olá equipe,

Feliz Natal!

Atenciosamente,
Asafe da Luz
Telefonista",Improdutivo
"De: abarros@example.net
Para: suporte@empresa.com
Assunto: Relatório de Erro

Prezados,

Necessito de suporte urgente para importante.

Atenciosamente,
Eloá Sales
Almoxarife",Produtivo
"De: da-mataluiz-miguel@example.com
Para: suporte@empresa.com
Assunto: Relatório de Erro

Prezados,

Necessito de suporte urgente para importante.

Atenciosamente,
Henry Gabriel Novais
Atuário",Produtivo
"De: josevieira@example.com
Para: equipe@empresa.com
Assunto: Cumprimentos

Olá equipe,

Parabéns pelo excelente trabalho no última demanda.

Atenciosamente,
Luiz Gustavo Ferreira
Lubrificador de máquinas",Improdutivo
"De: caparecida@example.org
Para: suporte@empresa.com
Assunto: Relatório de Erro

Prezados,

Solicito informações sobre atualizações.

Atenciosamente,
Alana Gomes
Prático",Produtivo
"De: leonardo66@example.com
Para: suporte@empresa.com
Assunto: Problema Técnico

Prezados,

Relatório de bug: os valores não são calculados corretamente

Atenciosamente,
Ísis Nascimento
Anestesiologista",Produtivo
"De: maria-eduarda00@example.net
Para: equipe@empresa.com
Assunto: Cumprimentos

Olá equipe,

Agradeço pelo atendimento prestado, foi muito útil.

Atenciosamente,
Léo Cavalcanti
Traumatologista",Improdutivo
"De: montenegrothiago@example.org
Para: equipe@empresa.com
Assunto: Reconhecimento

Olá equipe,

Que tenham um final de semana abençoado!

Atenciosamente,
Larissa Araújo
Atendente",Improdutivo
"De: otavionovaes@example.com
Para: suporte@empresa.com
Assunto: Dúvida sobre Sistema

Prezados,

Solicitação de suporte para o projeto Ducimus.

Atenciosamente,
Ravi Novais
Encarregado de manutenção predial",Produtivo
"De: rocharafaela@example.net
Para: suporte@empresa.com
Assunto: Problema Técnico

Prezados,

Necessito de suporte urgente para critica.

Atenciosamente,
Ana Sales
Operador de bombas",Produtivo
"De: fernandobrito@example.org
Para: suporte@empresa.com
Assunto: Relatório de Erro

Prezados,

Preciso de ajuda com a integração do API externa.

Atenciosamente,
Srta. Laís Correia
Assistente de câmera",Produtivo
"De: emanuellycarvalho@example.org
Para: suporte@empresa.com
Assunto: Dúvida sobre Sistema

Prezados,

Não consigo importar devido a configuração.

Atenciosamente,
Apollo da Rocha
Maestro",Produtivo
"De: heloisa90@example.com
Para: suporte@empresa.com
Assunto: Solicitação de Suporte

Prezados,

Problema com a funcionalidade de filtro.

Atenciosamente,
Clarice Duarte
Radialista",Produtivo
"De: cassianomaria-eduarda@example.org
Para: equipe@empresa.com
Assunto: Cumprimentos

Olá equipe,

Muito obrigado pelo atendimento rápido.

Atenciosamente,
Maria Luísa Ferreira
Kite-surfer",Improdutivo
"De: psiqueira@example.com
Para: suporte@empresa.com
Assunto: Dúvida sobre Sistema

Prezados,

Não consigo exportar devido a performance.

Atenciosamente,
Cecilia Leão
Nutrologista",Produtivo
"De: vinicius02@example.com
Para: suporte@empresa.com
Assunto: Problema Técnico

Prezados,

Como faço para exportar no sistema?

Atenciosamente,
Eloah Novais
Geriatra",Produtivo
"De: da-motamatheus@example.com
Para: equipe@empresa.com
Assunto: Reconhecimento

Olá equipe,

Muito obrigado pelo atendimento rápido.

Atenciosamente,
Ana Luiza Cunha
Consultor de moda",Improdutivo
"De: heloisacarvalho@example.com
Para: suporte@empresa.com
Assunto: Dúvida sobre Sistema

Prezados,

Como faço para migrar no sistema?

Atenciosamente,
Maria Sophia da Cruz
Boxeador",Produtivo
"De: sara11@example.org
Para: equipe@empresa.com
Assunto: Agradecimento

Olá equipe,

Excelente trabalho no migração de dados.

Atenciosamente,
Mariana da Rocha
Engenheiro de produção agroindustrial",Improdutivo
"De: rafael27@example.net
Para: equipe@empresa.com
Assunto: Agradecimento

Olá equipe,

Desejo um ano novo maravilhoso para toda a equipe.

Atenciosamente,
Igor Castro
Administrador",Improdutivo
"De: fcamargo@example.org
Para: suporte@empresa.com
Assunto: Relatório de Erro

Prezados,

Como faço para acessar no sistema?

Atenciosamente,
Carlos Eduardo Cavalcante
Leão de chácara",Produtivo
"De: joao-pedronovaes@example.org
Para: suporte@empresa.com
Assunto: Solicitação de Suporte

Prezados,

Encontrei um erro ao configurar. Podem me ajudar?

Atenciosamente,
Sr. Vinícius Marques
Enfermeiro",Produtivo
"De: leoalbuquerque@example.org
Para: equipe@empresa.com
Assunto: Cumprimentos

Olá equipe,

Agradeço pelo suporte sempre eficiente.

Atenciosamente,
Caroline Freitas
Terapeuta floral",Improdutivo
"De: moreiraolivia@example.com
Para: equipe@empresa.com
Assunto: Reconhecimento

Olá equipe,

Desejo um final de semana tranquilo.

Atenciosamente,
Sr. Alexandre da Mata
Naturólogo",Improdutivo
"De: camargogabriel@example.net
Para: suporte@empresa.com
Assunto: Solicitação de Suporte

Prezados,

Solicitação de suporte para o projeto Odio.

Atenciosamente,
Davi Alves
Tecnólogo em navegação fluvial",Produtivo
"De: maria-isis92@example.com
Para: suporte@empresa.com
Assunto: Dúvida sobre Sistema

Prezados,

Dúvida sobre como usar o painel administrativo.

Atenciosamente,
Aylla Oliveira
Mestre-de-obras",Produtivo
"De: sofia81@example.net
Para: suporte@empresa.com
Assunto: Dúvida sobre Sistema

Prezados,

Erro ao tentar atualizar no módulo usuários.

Atenciosamente,
Ana Beatriz Carvalho
Orientador educacional",Produtivo
"De: samuel64@example.org
Para: suporte@empresa.com
Assunto: Solicitação de Suporte

Prezados,

Solicito assistência para configurar o painel administrativo.

Atenciosamente,
Igor Campos
Mecânico de vôo",Produtivo
"De: kamillyalmeida@example.com
Para: equipe@empresa.com
Assunto: Felitações

Olá equipe,

Agradeço pelo trabalho prestado, foi muito útil.

Atenciosamente,
Sra. Daniela Farias
Líder comunitário",Improdutivo
"De: joao-lucas10@example.com
Para: equipe@empresa.com
Assunto: Felitações

Olá equipe,

Agradeço pelo trabalho prestado, foi muito útil.

Atenciosamente,
André Novais
Funileiro",Improdutivo
"De: barbosajoao-gabriel@example.com
Para: suporte@empresa.com
Assunto: Dúvida sobre Sistema

Prezados,

Problema com importação: está muito lento

Atenciosamente,
Allana Sousa
Delegado",Produtivo
"De: liviaandrade@example.com
Para: suporte@empresa.com
Assunto: Problema Técnico

Prezados,

Não consigo importar devido a performance.

Atenciosamente,
João Guilherme Novaes
Geólogo",Produtivo
"De: alexiacarvalho@example.com
Para: equipe@empresa.com
Assunto: Felitações

Olá equipe,

Muito obrigado pelo atendimento prestativo.

Atenciosamente,
Gabriela Souza
Ortodontista",Improdutivo
"De: qda-cruz@example.net
Para: suporte@empresa.com
Assunto: Problema Técnico

Prezados,

Solicito atualização do Salesforce para a versão 5.1.

Atenciosamente,
Marina Nogueira
Zootecnista",Produtivo
"De: kmoreira@example.org
Para: suporte@empresa.com
Assunto: Solicitação de Suporte

Prezados,

Solicitação de treinamento para o projeto Id.

Atenciosamente,
Ana Cecília Campos
Encanador",Produtivo
"De: das-nevesolivia@example.org
Para: equipe@empresa.com
Assunto: Cumprimentos

Olá equipe,

Muito obrigado pela parceria.

Atenciosamente,
Sr. Léo Azevedo
Técnico em agropecuária",Improdutivo
"De: pintoeduarda@example.org
Para: equipe@empresa.com
Assunto: Cumprimentos

Olá equipe,

Parabéns pelo excelente trabalho no projeto recente.

Atenciosamente,
Gustavo Henrique Ribeiro
Microfonista",Improdutivo
"De: fgomes@example.com
Para: suporte@empresa.com
Assunto: Relatório de Erro

Prezados,

Problema com a funcionalidade de filtro.

Atenciosamente,
Jade Martins
Trompetista",Produtivo
"De: macedobella@example.net
Para: equipe@empresa.com
Assunto: Felitações

Olá equipe,

Agradeço pelo suporte sempre eficiente.

Atenciosamente,
Anthony Viana
Personal stylist",Improdutivo
"De: riosjose@example.com
Para: equipe@empresa.com
Assunto: Agradecimento

Olá equipe,

Agradeço pelo trabalho prestado, foi muito útil.

Atenciosamente,
Ana Júlia Cunha
Tecnólogo em silvicultura",Improdutivo
"De: laura96@example.org
Para: suporte@empresa.com
Assunto: Relatório de Erro

Prezados,

Necessito de treinamento para usar o app mobile.

Atenciosamente,
Luísa Borges
Técnico em edificações",Produtivo
"De: marina16@example.org
Para: suporte@empresa.com
Assunto: Relatório de Erro

Prezados,

Preciso de ajuda com a integração do API externa.

Atenciosamente,
Vitor Duarte
Torneiro mecânico",Produtivo
"De: lcaldeira@example.net
Para: equipe@empresa.com
Assunto: Agradecimento

Olá equipe,

Excelente trabalho no migração de dados.

Atenciosamente,
Henry Gabriel Sousa
Intérprete",Improdutivo
"De: apollo44@example.com
Para: suporte@empresa.com
Assunto: Dúvida sobre Sistema

Prezados,

Preciso de suporte técnico para configuração no sistema Microsoft Dynamics.

Atenciosamente,
Sr. Luigi da Mata
Catador de material reciclável",Produtivo
"De: arthur-miguel71@example.org
Para: suporte@empresa.com
Assunto: Relatório de Erro

Prezados,

Dúvida sobre como usar o dashboard.

Atenciosamente,
Davi Aparecida
Chefe de cozinha",Produtivo
"De: carlos-eduardo47@example.net
Para: suporte@empresa.com
Assunto: Problema Técnico

Prezados,

Como resetar minha senha de acesso?

Atenciosamente,
Anna Liz Novaes
Meteorologista",Produtivo
"De: gmelo@example.com
Para: equipe@empresa.com
Assunto: Reconhecimento

Olá equipe,

Cumprimentos pela equipe competente.

Atenciosamente,
Maria Clara Moura
Atleta de tiro com arco",Improdutivo
"De: sophia13@example.com
Para: suporte@empresa.com
Assunto: Relatório de Erro

Prezados,

Preciso de ajuda com a integração do ERP.

Atenciosamente,
Otávio Rios
Juiz de futebol",Produtivo
"De: araujoalexia@example.com
Para: suporte@empresa.com
Assunto: Dúvida sobre Sistema

Prezados,

Erro ao tentar acessar no módulo relatórios.

Atenciosamente,
Srta. Ana Luiza Machado
Notário",Produtivo
"De: vitormonteiro@example.com
Para: suporte@empresa.com
Assunto: Solicitação de Suporte

Prezados,

Solicito assistência para configurar o painel administrativo.

Atenciosamente,
Mateus Cassiano
Office-boy",Produtivo
"De: maria18@example.net
Para: equipe@empresa.com
Assunto: Reconhecimento

Olá equipe,

Cumprimentos pela equipe competente.

Atenciosamente,
Srta. Sofia Fernandes
Projetista mecânico",Improdutivo
"De: amanda79@example.org
Para: suporte@empresa.com
Assunto: Dúvida sobre Sistema

Prezados,

Não consigo importar devido a relatórios.

Atenciosamente,
Heloisa Cirino
Militar do Exército",Produtivo
"De: da-rochaheloisa@example.net
Para: suporte@empresa.com
Assunto: Problema Técnico

Prezados,

Como resetar minha senha de acesso?

Atenciosamente,
Henrique Fonseca
Atleta de canoagem",Produtivo
"De: xrezende@example.com
Para: equipe@empresa.com
Assunto: Agradecimento

Olá equipe,

Feliz Natal!

Atenciosamente,
Beatriz da Mota
Kite-surfer",Improdutivo
"De: joao-gabrielalmeida@example.net
Para: equipe@empresa.com
Assunto: Agradecimento

Olá equipe,

Agradeço pelo suporte sempre eficiente.

Atenciosamente,
Emilly da Costa
Pecuarista",Improdutivo
"De: diogo49@example.net
Para: suporte@empresa.com
Assunto: Problema Técnico

Prezados,

Necessito de suporte urgente para importante.

Atenciosamente,
Melissa Ramos
Montador",Produtivo
"De: amandapimenta@example.com
Para: equipe@empresa.com
Assunto: Agradecimento

Olá equipe,

Agradeço pela paciência e atenção.

Atenciosamente,
Dr. Vitor Hugo Garcia
Geofísico",Improdutivo
"De: pedro-miguelviana@example.org
Para: equipe@empresa.com
Assunto: Felitações

Olá equipe,

Parabéns pelo aniversário da empresa!

Atenciosamente,
Mirella Vieira
Pecuarista",Improdutivo
"De: camargolais@example.org
Para: equipe@empresa.com
Assunto: Reconhecimento

Olá equipe,

Aprecio muito a dedicação da equipe de vendas.

Atenciosamente,
Bella Cavalcante
Agente penitenciário",Improdutivo
"De: slima@example.org
Para: suporte@empresa.com
Assunto: Solicitação de Suporte

Prezados,

Relatório de bug: a interface não responde

Atenciosamente,
Melina Pires
Pedreiro",Produtivo
"De: giovanna67@example.net
Para: equipe@empresa.com
Assunto: Felitações

Olá equipe,

Agradecimentos pelo bom atendimento oferecido.

Atenciosamente,
Valentim da Costa
Vistoriador de sinistros",Improdutivo
"De: nicole80@example.com
Para: suporte@empresa.com
Assunto: Dúvida sobre Sistema

Prezados,

Como resetar minha senha de acesso?

Atenciosamente,
Mathias Correia
Profissional de cinema",Produtivo
"De: da-rosasara@example.com
Para: suporte@empresa.com
Assunto: Problema Técnico

Prezados,

Problema com importação: está muito lento

Atenciosamente,
Murilo Moraes
Astrólogo",Produtivo
"De: ocarvalho@example.net
Para: suporte@empresa.com
Assunto: Dúvida sobre Sistema

Prezados,

Preciso de suporte técnico para relatórios no sistema Microsoft Dynamics.

Atenciosamente,
Caleb Pacheco
Clarinetista",Produtivo
"De: rodriguesyago@example.net
Para: equipe@empresa.com
Assunto: Agradecimento

Olá equipe,

Agradeço pelo trabalho prestado, foi muito útil.

Atenciosamente,
Dra. Ana Luiza Albuquerque
Ciclista",Improdutivo
"De: cecilia90@example.com
Para: equipe@empresa.com
Assunto: Felitações

Olá equipe,

Parabéns pelo excelente trabalho no projeto recente.

Atenciosamente,
Emanuella Sousa
Ciclista",Improdutivo
"De: raulguerra@example.com
Para: equipe@empresa.com
Assunto: Cumprimentos

Olá equipe,

Excelente trabalho no migração de dados.

Atenciosamente,
Marcelo Garcia
Prensista",Improdutivo
"De: arthur-miguelgoncalves@example.org
Para: equipe@empresa.com
Assunto: Agradecimento

Olá equipe,

Reconhecimento pelo esforço da equipe.

Atenciosamente,
Sr. Henry Gabriel da Conceição
Investigador particular",Improdutivo
"De: maria-eduardapastor@example.com
Para: suporte@empresa.com
Assunto: Problema Técnico

Prezados,

Solicito atualização do plataforma web para a versão 4.9.

Atenciosamente,
Valentim Rocha
Tenente",Produtivo
"De: ujesus@example.org
Para: suporte@empresa.com
Assunto: Problema Técnico

Prezados,

Erro ERRO_416 ao tentar acessar relatórios.

Atenciosamente,
Ravi Vasconcelos
Escrivão",Produtivo
"De: brenomoura@example.net
Para: suporte@empresa.com
Assunto: Problema Técnico

Prezados,

Erro ERRO_990 ao tentar acessar configurações.

Atenciosamente,
Daniel Ferreira
Profissional de manutenção industrial",Produtivo
"De: vitoria86@example.org
Para: suporte@empresa.com
Assunto: Solicitação de Suporte

Prezados,

Preciso de suporte técnico para integração no sistema  sistema interno.

Atenciosamente,
Lívia Garcia
Flautista",Produtivo
"De: campospedro-henrique@example.com
Para: suporte@empresa.com
Assunto: Relatório de Erro

Prezados,

Preciso de suporte técnico para acesso no sistema SAP.

Atenciosamente,
Letícia Macedo
Promotor público/de justiça",Produtivo
"De: luiz-fernandorios@example.net
Para: equipe@empresa.com
Assunto: Cumprimentos

Olá equipe,

Reconhecimento pelo esforço da equipe.

Atenciosamente,
Dr. João Oliveira
Ceramista",Improdutivo
"De: sofia19@example.com
Para: equipe@empresa.com
Assunto: Reconhecimento

Olá equipe,

Feliz Ano Novo!

Atenciosamente,
Srta. Letícia Rezende
Engenheiro de som",Improdutivo
"De: jvargas@example.org
Para: suporte@empresa.com
Assunto: Relatório de Erro

Prezados,

Solicito assistência para configurar o dashboard.

Atenciosamente,
Allana Silva
Instalador de linha telefônica",Produtivo
"De: dmartins@example.net
Para: suporte@empresa.com
Assunto: Problema Técnico

Prezados,

Solicito informações sobre licenciamento.

Atenciosamente,
Daniel Nunes
Viveirista",Produtivo
"De: camila92@example.org
Para: suporte@empresa.com
Assunto: Relatório de Erro

Prezados,

Encontrei um erro ao importar. Podem me ajudar?

Atenciosamente,
Maya Dias
Infectologista",Produtivo
"De: raeldas-neves@example.org
Para: suporte@empresa.com
Assunto: Problema Técnico

Prezados,

Solicitação de suporte para o projeto Deserunt.

Atenciosamente,
Emanuella Moura
Segurança particular",Produtivo
"De: zoecavalcanti@example.com
Para: suporte@empresa.com
Assunto: Dúvida sobre Sistema

Prezados,

Como faço para importar no sistema?

Atenciosamente,
Vitor da Mota
Massagista",Produtivo
"De: brenoda-paz@example.net
Para: suporte@empresa.com
Assunto: Problema Técnico

Prezados,

Como faço para configurar no sistema?

Atenciosamente,
Maria Laura Sá
Engenheiro de horticultura",Produtivo
"De: mendoncaluiz-felipe@example.org
Para: suporte@empresa.com
Assunto: Solicitação de Suporte

Prezados,

Como faço para migrar no sistema?

Atenciosamente,
Lorena Rezende
Prático",Produtivo
"De: gustavo00@example.net
Para: equipe@empresa.com
Assunto: Cumprimentos

Olá equipe,

Agradeço pela colaboração no última demanda.

Atenciosamente,
João Vitor Borges
Leiloeiro",Improdutivo
"De: dante40@example.com
Para: equipe@empresa.com
Assunto: Felitações

Olá equipe,

Agradeço pelo suporte sempre eficiente.

Atenciosamente,
Lucas Almeida
Orçamentista",Improdutivo
"De: hsouza@example.org
Para: equipe@empresa.com
Assunto: Felitações

Olá equipe,

Cumprimentos pela equipe competente.

Atenciosamente,
Murilo Montenegro
Bóia-fria",Improdutivo
"De: mcirino@example.org
Para: suporte@empresa.com
Assunto: Solicitação de Suporte

Prezados,

Problema com o acesso ao módulo de relatórios.

Atenciosamente,
Ana Clara Gomes
Tecnólogo em produção Sucroalcooleira",Produtivo
"De: icardoso@example.com
Para: equipe@empresa.com
Assunto: Agradecimento

Olá equipe,

Aprecio muito a dedicação da equipe de suporte.

Atenciosamente,
Ana Vitória Casa Grande
Presidente da República",Improdutivo
"De: lmachado@example.net
Para: equipe@empresa.com
Assunto: Felitações

Olá equipe,

Desejo sucesso no lançamento.

Atenciosamente,
Sabrina Sampaio
Consultor",Improdutivo
"De: leticiafreitas@example.net
Para: equipe@empresa.com
Assunto: Reconhecimento

Olá equipe,

Agradeço pelo atendimento prestado, foi muito útil.

Atenciosamente,
Gael Henrique Santos
Plastimodelista",Improdutivo
"De: carvalhoana-laura@example.org
Para: equipe@empresa.com
Assunto: Felitações

Olá equipe,

Agradecimentos pelo bom atendimento realizado.

Atenciosamente,
Daniel Teixeira
Tradutor",Improdutivo
"De: vargasliz@example.org
Para: equipe@empresa.com
Assunto: Reconhecimento

Olá equipe,

Reconhecimento pelo esforço da equipe.

Atenciosamente,
Lucas Rezende
Quadrinista",Improdutivo
"De: asafemacedo@example.org
Para: suporte@empresa.com
Assunto: Problema Técnico

Prezados,

Problema de performance no aplicação.

Atenciosamente,
Manuella Siqueira
Estoquista",Produtivo
"De: mendoncadavi-luiz@example.net
Para: equipe@empresa.com
Assunto: Felitações

Olá equipe,

Agradeço pelo trabalho prestado, foi muito útil.

Atenciosamente,
Esther Cirino
Parteira tradicional",Improdutivo
"De: pedrofernandes@example.net
Para: suporte@empresa.com
Assunto: Solicitação de Suporte

Prezados,

Problema com o acesso ao dashboard.

Atenciosamente,
Carolina Barbosa
Restaurador",Produtivo
"De: ana-beatriz72@example.org
Para: equipe@empresa.com
Assunto: Reconhecimento

Olá equipe,

Desejo um final de semana tranquilo.

Atenciosamente,
Mariana Barros
Produtor musical",Improdutivo
"De: peixotojoao-miguel@example.org
Para: equipe@empresa.com
Assunto: Reconhecimento

Olá equipe,

Parabéns pelo aniversário da empresa!

Atenciosamente,
Lavínia da Paz
Estampador de tecidos",Improdutivo
"De: cmelo@example.com
Para: suporte@empresa.com
Assunto: Dúvida sobre Sistema

Prezados,

Como resetar minha senha de acesso?

Atenciosamente,
Vitor Hugo Montenegro
Historiador",Produtivo
"De: arthurcamara@example.org
Para: suporte@empresa.com
Assunto: Relatório de Erro

Prezados,

Encontrei um erro ao acessar. Podem me ajudar?

Atenciosamente,
Caroline Costela
Produtor de audio visual",Produtivo
"De: omelo@example.org
Para: suporte@empresa.com
Assunto: Relatório de Erro

Prezados,

Solicitação de treinamento para o projeto Ipsam.

Atenciosamente,
Oliver Lopes
Profissional de informática",Produtivo
"De: calebe06@example.com
Para: equipe@empresa.com
Assunto: Reconhecimento

Olá equipe,

Agradeço pelo atendimento prestado, foi muito útil.

Atenciosamente,
Maria Clara Freitas
Garimpeiro",Improdutivo
"De: limaana-beatriz@example.org
Para: suporte@empresa.com
Assunto: Problema Técnico

Prezados,

Erro ao tentar acessar no módulo usuários.

Atenciosamente,
Sr. Otto Fogaça
Técnico em documentação",Produtivo
"De: rcirino@example.net
Para: equipe@empresa.com
Assunto: Felitações

Olá equipe,

Muito obrigado pelo atendimento rápido.

Atenciosamente,
Srta. Luna Rocha
Produtor editorial",Improdutivo
"De: castromaria-sophia@example.org
Para: equipe@empresa.com
Assunto: Cumprimentos

Olá equipe,

Parabéns pelo excelente trabalho no tarefa concluída.

Atenciosamente,
Otávio Aragão
Operador de vídeo",Improdutivo
"De: raelrodrigues@example.com
Para: suporte@empresa.com
Assunto: Solicitação de Suporte

Prezados,

Como faço para configurar no sistema?

Atenciosamente,
Bella Moura
Serventuário",Produtivo
"De: emillyjesus@example.com
Para: suporte@empresa.com
Assunto: Dúvida sobre Sistema

Prezados,

Relatório de bug: os valores não são calculados corretamente

Atenciosamente,
João Lucas Machado
Representante comercial",Produtivo
"De: lavinia68@example.com
Para: suporte@empresa.com
Assunto: Relatório de Erro

Prezados,

Relatório de bug: a interface não responde

Atenciosamente,
Gustavo Aparecida
Alergologista",Produtivo
"De: rda-cunha@example.com
Para: equipe@empresa.com
Assunto: Agradecimento

Olá equipe,

Que tenham um mês abençoado!

Atenciosamente,
Léo Lima
Limpador de vidros",Improdutivo
"De: fernanda55@example.org
Para: suporte@empresa.com
Assunto: Dúvida sobre Sistema

Prezados,

Erro ao tentar importar no módulo usuários.

Atenciosamente,
Marcela Brito
Naturólogo",Produtivo
"De: hda-paz@example.com
Para: equipe@empresa.com
Assunto: Cumprimentos

Olá equipe,

Agradecimentos pelo bom atendimento realizado.

Atenciosamente,
Davi da Rosa
Mestre-de-obras",Improdutivo
"De: qcasa-grande@example.net
Para: equipe@empresa.com
Assunto: Cumprimentos

Olá equipe,

Agradeço pela colaboração no última demanda.

Atenciosamente,
Samuel da Rocha
Engenheiro de segurança do trabalho",Improdutivo
"De: camposlavinia@example.net
Para: equipe@empresa.com
Assunto: Felitações

Olá equipe,

Cumprimentos pela equipe competente.

Atenciosamente,
Sra. Ana Julia da Luz
Engenheiro ambiental",Improdutivo
"De: wpereira@example.com
Para: suporte@empresa.com
Assunto: Relatório de Erro

Prezados,

Preciso de ajuda com a integração do sistema legado.

Atenciosamente,
José Pedro Cunha
Cobrador de ônibus",Produtivo
"De: ana-sophia00@example.net
Para: suporte@empresa.com
Assunto: Dúvida sobre Sistema

Prezados,

Preciso de suporte técnico para performance no sistema Salesforce.

Atenciosamente,
Cauê Santos
Físico nuclear",Produtivo
"De: maria-juliaporto@example.net
Para: suporte@empresa.com
Assunto: Problema Técnico

Prezados,

Solicito informações sobre novas funcionalidades.

Atenciosamente,
Kaique Almeida
Gari",Produtivo
"De: mirella81@example.org
Para: equipe@empresa.com
Assunto: Felitações

Olá equipe,

Agradeço pela paciência e atenção.

Atenciosamente,
Emanuel Melo
Consultor",Improdutivo
"De: otavio71@example.org
Para: suporte@empresa.com
Assunto: Relatório de Erro

Prezados,

Como resetar minha senha de acesso?

Atenciosamente,
Manuela Lopes
Governanta",Produtivo
"De: ysiqueira@example.org
Para: equipe@empresa.com
Assunto: Reconhecimento

Olá equipe,

Agradeço pela paciência e atenção.

Atenciosamente,
Esther Costa
Físico nuclear",Improdutivo
"De: correiajuan@example.net
Para: suporte@empresa.com
Assunto: Relatório de Erro

Prezados,

Não consigo configurar devido a integração.

Atenciosamente,
Isabella Nogueira
Arquiteto",Produtivo
"De: pereiraheitor@example.org
Para: equipe@empresa.com
Assunto: Agradecimento

Olá equipe,

Cumprimentos pela equipe competente.

Atenciosamente,
Alícia Moraes
Fresador",Improdutivo
"De: diogo49@example.com
Para: suporte@empresa.com
Assunto: Solicitação de Suporte

Prezados,

Problema com a funcionalidade de pesquisa.

Atenciosamente,
José Pedro Andrade
Bailarina",Produtivo
"De: oteixeira@example.net
Para: suporte@empresa.com
Assunto: Solicitação de Suporte

Prezados,

Erro ERRO_983 ao tentar acessar relatórios.

Atenciosamente,
Dr. Antony Ribeiro
Bailarina",Produtivo
"De: julianagomes@example.org
Para: suporte@empresa.com
Assunto: Problema Técnico

Prezados,

Problema com importação: não carrega corretamente

Atenciosamente,
Felipe Albuquerque
Ortoptista",Produtivo
"De: tda-cruz@example.com
Para: equipe@empresa.com
Assunto: Felitações

Olá equipe,

Aprecio muito a dedicação da equipe de vendas.

Atenciosamente,
Dr. José Miguel Teixeira
Cancerologista ou Oncologista",Improdutivo
"De: maria-laura14@example.com
Para: suporte@empresa.com
Assunto: Problema Técnico

Prezados,

Relatório de bug: os dados não são exibidos

Atenciosamente,
Diego Dias
Técnico de gesso",Produtivo
"De: britocarlos-eduardo@example.com
Para: equipe@empresa.com
Assunto: Reconhecimento

Olá equipe,

Desejo sucesso no evento próximo.

Atenciosamente,
Augusto da Conceição
Massoterapeuta",Improdutivo
"De: gabriellysilva@example.net
Para: equipe@empresa.com
Assunto: Felitações

Olá equipe,

Feliz Natal!

Atenciosamente,
Marcelo Gonçalves
Timoneiro",Improdutivo
"De: eloahcardoso@example.org
Para: equipe@empresa.com
Assunto: Agradecimento

Olá equipe,

Feliz Natal!

Atenciosamente,
Diogo Ramos
Lubrificador de máquinas",Improdutivo
"De: silveiralivia@example.net
Para: suporte@empresa.com
Assunto: Solicitação de Suporte

Prezados,

Relatório de bug: os valores não são calculados corretamente

Atenciosamente,
Srta. Rafaela Casa Grande
Letrista",Produtivo
"De: machadojoao-vitor@example.net
Para: equipe@empresa.com
Assunto: Agradecimento

Olá equipe,

Aprecio muito a dedicação da equipe de vendas.

Atenciosamente,
Alícia Siqueira
Delegado",Improdutivo
"De: theodoro34@example.org
Para: equipe@empresa.com
Assunto: Felitações

Olá equipe,

Desejo sucesso no evento próximo.

Atenciosamente,
Sr. Breno Cassiano
Saxofonista",Improdutivo
"De: alvesjoaquim@example.net
Para: suporte@empresa.com
Assunto: Solicitação de Suporte

Prezados,

Solicitação de suporte para o projeto Magni.

Atenciosamente,
Ester da Cunha
Atuário",Produtivo
"De: ravi-lucca49@example.org
Para: equipe@empresa.com
Assunto: Reconhecimento

Olá equipe,

Reconhecimento pelo esforço da equipe.

Atenciosamente,
Caroline Rodrigues
Leiteiro",Improdutivo
"De: lucas71@example.com
Para: suporte@empresa.com
Assunto: Relatório de Erro

Prezados,

Dúvida sobre como usar o dashboard.

Atenciosamente,
Thomas Monteiro
Profissional de relações internacionais",Produtivo
"De: juliaabreu@example.com
Para: equipe@empresa.com
Assunto: Reconhecimento

Olá equipe,

Reconhecimento pelo esforço da equipe.

Atenciosamente,
Dra. Luiza Cavalcanti
Garimpeiro",Improdutivo
"De: pazevedo@example.com
Para: equipe@empresa.com
Assunto: Reconhecimento

Olá equipe,

Aprecio muito a dedicação da equipe de tecnologia.

Atenciosamente,
Maria Cecília Rezende
Boticário",Improdutivo
"De: yaparecida@example.com
Para: suporte@empresa.com
Assunto: Solicitação de Suporte

Prezados,

Relatório de bug: ao clicar no botão salvar, o sistema fecha

Atenciosamente,
Larissa Vargas
Hostess",Produtivo
"De: borgesluigi@example.net
Para: equipe@empresa.com
Assunto: Cumprimentos

Olá equipe,

Aprecio muito a dedicação da equipe de vendas.

Atenciosamente,
Sarah Cirino
Alpinista",Improdutivo
"De: kcavalcanti@example.org
Para: suporte@empresa.com
Assunto: Problema Técnico

Prezados,

Como resetar minha senha de acesso?

Atenciosamente,
Isadora Moreira
Pintor",Produtivo
"De: caueda-paz@example.org
Para: suporte@empresa.com
Assunto: Relatório de Erro

Prezados,

Problema com o acesso ao dashboard.

Atenciosamente,
Arthur Gabriel Casa Grande
Museólogo",Produtivo
"De: kevinda-conceicao@example.org
Para: suporte@empresa.com
Assunto: Problema Técnico

Prezados,

Solicito assistência para configurar o módulo de relatórios.

Atenciosamente,
Enrico Aparecida
Médico legista",Produtivo
"De: vieirathiago@example.net
Para: equipe@empresa.com
Assunto: Reconhecimento

Olá equipe,

Parabéns pelo excelente trabalho no última demanda.

Atenciosamente,
Maria Alice Nogueira
Contatólogo",Improdutivo
"De: barbosadavi-luiz@example.com
Para: suporte@empresa.com
Assunto: Problema Técnico

Prezados,

Dúvida sobre como usar o dashboard.

Atenciosamente,
Srta. Isadora Santos
Técnico em documentação",Produtivo
"De: zpimenta@example.org
Para: equipe@empresa.com
Assunto: Agradecimento

Olá equipe,

Agradecimentos pelo bom atendimento oferecido.

Atenciosamente,
Marcela Castro
Técnico em hardware",Improdutivo
"De: olivianunes@example.org
Para: suporte@empresa.com
Assunto: Problema Técnico

Prezados,

Erro ERRO_893 ao tentar acessar usuários.

Atenciosamente,
José Nogueira
Optometrista",Produtivo
"De: vinicius31@example.org
Para: suporte@empresa.com
Assunto: Dúvida sobre Sistema

Prezados,

Solicito atualização do Microsoft Dynamics para a versão 3.9.

Atenciosamente,
Bryan Cunha
Operador de bombas",Produtivo
"De: trios@example.org
Para: suporte@empresa.com
Assunto: Solicitação de Suporte

Prezados,

Solicito assistência para configurar o dashboard.

Atenciosamente,
Henry Gabriel Machado
Dedetizador",Produtivo
"De: carlos-eduardocirino@example.com
Para: suporte@empresa.com
Assunto: Relatório de Erro

Prezados,

Erro ao tentar exportar no módulo usuários.

Atenciosamente,
Maria Fernanda Viana
Vigia parlamentar",Produtivo
"De: riosdavi-lucas@example.net
Para: equipe@empresa.com
Assunto: Agradecimento

Olá equipe,

Muito obrigado pela parceria.

Atenciosamente,
Juliana Castro
Agente penitenciário",Improdutivo
"De: grezende@example.net
Para: equipe@empresa.com
Assunto: Reconhecimento

Olá equipe,

Parabéns pelo aniversário da empresa!

Atenciosamente,
Yan Fonseca
Estampador de tecidos",Improdutivo
"De: maria-julia26@example.net
Para: equipe@empresa.com
Assunto: Felitações

Olá equipe,

Cumprimentos pela equipe competente.

Atenciosamente,
Cauã Guerra
Lavador",Improdutivo
"De: castrogabriel@example.com
Para: equipe@empresa.com
Assunto: Felitações

Olá equipe,

Muito obrigado pelo atendimento prestativo.

Atenciosamente,
Dr. Bento da Rocha
Esgrimista",Improdutivo
"De: jesusana-carolina@example.com
Para: equipe@empresa.com
Assunto: Cumprimentos

Olá equipe,

Agradeço pelo suporte sempre eficiente.

Atenciosamente,
Dr. Antony Ribeiro
Tosador",Improdutivo
"De: pda-mota@example.net
Para: equipe@empresa.com
Assunto: Agradecimento

Olá equipe,

Parabéns pelo aniversário da empresa!

Atenciosamente,
Otávio Freitas
Assistente de produção",Improdutivo
"De: levi13@example.org
Para: suporte@empresa.com
Assunto: Dúvida sobre Sistema

Prezados,

Problema com o acesso ao painel administrativo.

Atenciosamente,
Dra. Camila Aparecida
Capitão",Produtivo
"De: wborges@example.net
Para: equipe@empresa.com
Assunto: Agradecimento

Olá equipe,

Muito obrigado pela parceria.

Atenciosamente,
Maria Gonçalves
Biólogo",Improdutivo
"De: joao-felipecampos@example.org
Para: suporte@empresa.com
Assunto: Relatório de Erro

Prezados,

Solicito assistência para configurar o painel administrativo.

Atenciosamente,
Maria Laura Lopes
Degustador",Produtivo
"De: onascimento@example.org
Para: equipe@empresa.com
Assunto: Felitações

Olá equipe,

Parabéns pelo excelente trabalho no tarefa concluída.

Atenciosamente,
Luiz Felipe Barbosa
Tecnólogo em tecnologia da madeira",Improdutivo
"De: agatha88@example.net
Para: suporte@empresa.com
Assunto: Problema Técnico

Prezados,

Como faço para configurar no sistema?

Atenciosamente,
Eloá Porto
Profissional de cinema",Produtivo
"De: cavalcanteevelyn@example.org
Para: suporte@empresa.com
Assunto: Dúvida sobre Sistema

Prezados,

Problema com o acesso ao módulo de relatórios.

Atenciosamente,
Gustavo Henrique Pacheco
Agente penitenciário",Produtivo
"De: augustocavalcante@example.com
Para: equipe@empresa.com
Assunto: Reconhecimento

Olá equipe,

Feliz Ano Novo!

Atenciosamente,
Breno Dias
Ginasta rítmica",Improdutivo
"De: davi-lucca10@example.com
Para: equipe@empresa.com
Assunto: Felitações

Olá equipe,

Agradeço pela paciência e atenção.

Atenciosamente,
Milena Correia
Papiloscopista",Improdutivo
"De: aurora77@example.net
Para: equipe@empresa.com
Assunto: Agradecimento

Olá equipe,

Agradeço pela colaboração no tarefa concluída.

Atenciosamente,
Brayan Melo
Garçom",Improdutivo
"De: mateuscardoso@example.org
Para: equipe@empresa.com
Assunto: Reconhecimento

Olá equipe,

Aprecio muito a dedicação da equipe de tecnologia.

Atenciosamente,
Larissa Pires
Cerimonialista",Improdutivo
"De: sampaiomaya@example.com
Para: equipe@empresa.com
Assunto: Felitações

Olá equipe,

Muito obrigado pela parceria.

Atenciosamente,
Benjamin Jesus
Ufólogo",Improdutivo
"De: olivia62@example.com
Para: equipe@empresa.com
Assunto: Cumprimentos

Olá equipe,

Parabéns pelo aniversário da empresa!

Atenciosamente,
Vitória Teixeira
General",Improdutivo
"De: oliveirasofia@example.org
Para: equipe@empresa.com
Assunto: Agradecimento

Olá equipe,

Feliz Ano Novo!

Atenciosamente,
Vitória Mendonça
Militar do Exército",Improdutivo
"De: luccapastor@example.net
Para: equipe@empresa.com
Assunto: Reconhecimento

Olá equipe,

Parabéns pelo excelente trabalho no projeto recente.

Atenciosamente,
Valentina Ferreira
Moleiro",Improdutivo
"De: joao-guilhermeda-mota@example.org
Para: equipe@empresa.com
Assunto: Cumprimentos

Olá equipe,

Agradeço pelo trabalho prestado, foi muito útil.

Atenciosamente,
Thiago Vargas
Jogador de hóquei",Improdutivo
"De: arthurpacheco@example.org
Para: suporte@empresa.com
Assunto: Dúvida sobre Sistema

Prezados,

Erro ERRO_589 ao tentar acessar configurações.

Atenciosamente,
Emilly Casa Grande
Caldeireiro",Produtivo
"De: isaacsampaio@example.org
Para: suporte@empresa.com
Assunto: Relatório de Erro

Prezados,

Problema com o acesso ao módulo de relatórios.

Atenciosamente,
Isadora Câmara
Acupunturista",Produtivo
"De: odias@example.com
Para: equipe@empresa.com
Assunto: Felitações

Olá equipe,

Feliz Carnaval para todos!

Atenciosamente,
Isabelly Moreira
Ortoptista",Improdutivo
"De: salesalicia@example.com
Para: equipe@empresa.com
Assunto: Reconhecimento

Olá equipe,

Desejo um final de semana maravilhoso para toda a equipe.

Atenciosamente,
Bella Nogueira
Guardador de veículos",Improdutivo
"De: davi-luccaferreira@example.org
Para: equipe@empresa.com
Assunto: Cumprimentos

Olá equipe,

Agradeço pela colaboração no tarefa concluída.

Atenciosamente,
Augusto Porto
Bancário",Improdutivo
"De: lauraalves@example.org
Para: equipe@empresa.com
Assunto: Felitações

Olá equipe,

Que tenham um final de semana abençoado!

Atenciosamente,
Miguel Rodrigues
Juiz ou árbitro de futebol",Improdutivo
"De: goliveira@example.com
Para: equipe@empresa.com
Assunto: Felitações

Olá equipe,

Que tenham um feriado abençoado!

Atenciosamente,
João Lucas Pinto
Segurança particular",Improdutivo
"De: raquelpastor@example.net
Para: suporte@empresa.com
Assunto: Solicitação de Suporte

Prezados,

Solicito assistência para configurar o módulo de relatórios.

Atenciosamente,
Rafaela Andrade
Homeopata",Produtivo
"De: laura66@example.net
Para: equipe@empresa.com
Assunto: Cumprimentos

Olá equipe,

Muito obrigado pela parceria.

Atenciosamente,
Raul Rezende
Oceanógrafo",Improdutivo
"De: joao-gabrielcostela@example.net
Para: suporte@empresa.com
Assunto: Dúvida sobre Sistema

Prezados,

Problema com relatórios: apresenta erro inesperado

Atenciosamente,
Pietra Costa
Xilógrafo",Produtivo
"De: salesmatheus@example.net
Para: suporte@empresa.com
Assunto: Relatório de Erro

Prezados,

Problema com a funcionalidade de pesquisa.

Atenciosamente,
Kamilly Lima
Oficial de justiça",Produtivo
"De: cavalcantidavi-luiz@example.net
Para: suporte@empresa.com
Assunto: Dúvida sobre Sistema

Prezados,

Solicito informações sobre novas funcionalidades.

Atenciosamente,
Bryan Barbosa
Procurador de justiça",Produtivo
"De: hsampaio@example.net
Para: equipe@empresa.com
Assunto: Reconhecimento

Olá equipe,

Desejo sucesso no lançamento.

Atenciosamente,
Manuella Almeida
Engenheiro agrônomo",Improdutivo
"De: mateuspimenta@example.org
Para: suporte@empresa.com
Assunto: Problema Técnico

Prezados,

Encontrei um erro ao atualizar. Podem me ajudar?

Atenciosamente,
Heloisa Peixoto
Arranjador musical",Produtivo
"De: isabelly13@example.net
Para: suporte@empresa.com
Assunto: Problema Técnico

Prezados,

Preciso de suporte técnico para performance no sistema SAP.

Atenciosamente,
Théo da Mota
Agente de combate à endemias",Produtivo
"De: luiz-miguelaraujo@example.net
Para: suporte@empresa.com
Assunto: Relatório de Erro

Prezados,

Dúvida sobre como usar o módulo de relatórios.

Atenciosamente,
Rafaela Santos
Ferramenteiro",Produtivo
"De: clarice47@example.com
Para: equipe@empresa.com
Assunto: Reconhecimento

Olá equipe,

Parabéns pelo aniversário da empresa!

Atenciosamente,
Maria Sophia Guerra
Engenheiro acústico",Improdutivo
"De: melostephany@example.com
Para: suporte@empresa.com
Assunto: Problema Técnico

Prezados,

Solicitação de consultoria para o projeto Numquam.

Atenciosamente,
Maria Clara Barbosa
Jogador de golfe",Produtivo
"De: caraujo@example.com
Para: equipe@empresa.com
Assunto: Felitações

Olá equipe,

Agradeço pela colaboração no projeto recente.

Atenciosamente,
Lívia Gonçalves
Ortesista",Improdutivo
"De: apeixoto@example.org
Para: equipe@empresa.com
Assunto: Cumprimentos

Olá equipe,

Cumprimentos pela equipe competente.

Atenciosamente,
Diogo Borges
Produtor fonográfico",Improdutivo
"De: da-matanatalia@example.org
Para: suporte@empresa.com
Assunto: Solicitação de Suporte

Prezados,

Solicito assistência para configurar o dashboard.

Atenciosamente,
Lunna da Luz
Ator",Produtivo
"De: limalucas-gabriel@example.com
Para: equipe@empresa.com
Assunto: Reconhecimento

Olá equipe,

Desejo sucesso no implementação.

Atenciosamente,
Luiz Gustavo Camargo
Tecnólogo em rochas ornamentais",Improdutivo
"De: luisa83@example.com
Para: equipe@empresa.com
Assunto: Felitações

Olá equipe,

Feliz Natal para todos!

Atenciosamente,
Pedro Henrique Peixoto
Trilheiro ou músico de cinema",Improdutivo
"De: mbrito@example.org
Para: suporte@empresa.com
Assunto: Problema Técnico

Prezados,

Preciso de ajuda com a integração do API externa.

Atenciosamente,
Dra. Hadassa da Paz
Pianista",Produtivo
"De: marcelocasa-grande@example.com
Para: equipe@empresa.com
Assunto: Reconhecimento

Olá equipe,

Agradeço pela paciência e atenção.

Atenciosamente,
Srta. Natália Sales
Atleta de arremesso de peso",Improdutivo
"De: ramosvalentina@example.com
Para: equipe@empresa.com
Assunto: Felitações

Olá equipe,

Parabéns pelo excelente trabalho no projeto recente.

Atenciosamente,
Ester Sampaio
Gestor de recursos humanos",Improdutivo
"De: marcos-vinicius31@example.org
Para: suporte@empresa.com
Assunto: Relatório de Erro

Prezados,

Problema com a funcionalidade de exportação.

Atenciosamente,
Helena Rocha
Prensista",Produtivo
"De: ana-liz59@example.com
Para: equipe@empresa.com
Assunto: Felitações

Olá equipe,

Parabéns pelo aniversário da empresa!

Atenciosamente,
Cauã Pereira
Técnico em desporto",Improdutivo
"De: antonyrezende@example.net
Para: suporte@empresa.com
Assunto: Relatório de Erro

Prezados,

Problema com a funcionalidade de pesquisa.

Atenciosamente,
Dra. Sarah Castro
Juiz ou árbitro de futebol",Produtivo
"De: nascimentojoao-pedro@example.net
Para: equipe@empresa.com
Assunto: Reconhecimento

Olá equipe,

Parabéns pelo aniversário da empresa!

Atenciosamente,
Sra. Maria Laura Fernandes
Agente comunitário de saúde",Improdutivo
"De: ester06@example.com
Para: suporte@empresa.com
Assunto: Problema Técnico

Prezados,

Necessito de treinamento para usar o Salesforce.

Atenciosamente,
Júlia Martins
Lavador de veículos",Produtivo
"De: lunarocha@example.net
Para: equipe@empresa.com
Assunto: Felitações

Olá equipe,

Desejo um final de semana tranquilo.

Atenciosamente,
Srta. Carolina da Cunha
Afiador de ferramentas",Improdutivo
"De: ana-claracirino@example.net
Para: suporte@empresa.com
Assunto: Problema Técnico

Prezados,

Problema com o acesso ao painel administrativo.

Atenciosamente,
Ana Luiza Alves
Taxidermista/Embalsamador",Produtivo
"De: jmoura@example.com
Para: suporte@empresa.com
Assunto: Problema Técnico

Prezados,

Não consigo importar devido a acesso.

Atenciosamente,
Breno Albuquerque
Cinematográfo",Produtivo
"De: rsa@example.com
Para: suporte@empresa.com
Assunto: Solicitação de Suporte

Prezados,

Erro ERRO_172 ao tentar acessar usuários.

Atenciosamente,
Sr. Gael Henrique Camargo
Químico",Produtivo
"De: rochaamanda@example.org
Para: equipe@empresa.com
Assunto: Felitações

Olá equipe,

Parabéns pelo aniversário da empresa!

Atenciosamente,
Allana Cavalcante
Arquivista",Improdutivo
"De: silveiraheloisa@example.net
Para: suporte@empresa.com
Assunto: Dúvida sobre Sistema

Prezados,

Problema com a funcionalidade de exportação.

Atenciosamente,
Letícia Pastor
Panificador/Padeiro",Produtivo
"De: epires@example.org
Para: suporte@empresa.com
Assunto: Dúvida sobre Sistema

Prezados,

Erro ao tentar migrar no módulo relatórios.

Atenciosamente,
Gael Barbosa
Açougueiro",Produtivo
"De: liam37@example.org
Para: suporte@empresa.com
Assunto: Relatório de Erro

Prezados,

Solicitação de suporte para o projeto Quos.

Atenciosamente,
Vinícius Macedo
Serventuário",Produtivo
"De: rochalucas@example.com
Para: suporte@empresa.com
Assunto: Relatório de Erro

Prezados,

Como resetar minha senha de acesso?

Atenciosamente,
Sr. Emanuel Almeida
Velejador",Produtivo
"De: vargaseduarda@example.net
Para: suporte@empresa.com
Assunto: Problema Técnico

Prezados,

Solicitação de suporte para o projeto Enim.

Atenciosamente,
Dr. Oliver Jesus
Controlador de vôo",Produtivo
"De: ravi21@example.org
Para: suporte@empresa.com
Assunto: Solicitação de Suporte

Prezados,

Não consigo importar devido a performance.

Atenciosamente,
Maria Alice Mendonça
Artesão",Produtivo
"De: davi-miguelcasa-grande@example.org
Para: equipe@empresa.com
Assunto: Reconhecimento

Olá equipe,

Excelente trabalho no implementação do sistema.

Atenciosamente,
Maria Luísa Lima
Farmacêutico",Improdutivo
"De: teixeiracaio@example.net
Para: equipe@empresa.com
Assunto: Felitações

Olá equipe,

Parabéns pelo aniversário da empresa!

Atenciosamente,
Giovanna Cavalcante
Juiz ou árbitro de futebol",Improdutivo
"De: dcostela@example.org
Para: suporte@empresa.com
Assunto: Dúvida sobre Sistema

Prezados,

Preciso de ajuda com a integração do sistema legado.

Atenciosamente,
Dra. Catarina Azevedo
Assistente de produção",Produtivo
"De: melosamuel@example.com
Para: suporte@empresa.com
Assunto: Dúvida sobre Sistema

Prezados,

Solicitação de treinamento para o projeto Repellendus.

Atenciosamente,
Pedro Lucas Souza
Engenheiro agrimensor",Produtivo
"De: pteixeira@example.com
Para: suporte@empresa.com
Assunto: Problema Técnico

Prezados,

Relatório de bug: os valores não são calculados corretamente

Atenciosamente,
Thales Machado
Faxineiro",Produtivo
"De: haraujo@example.org
Para: suporte@empresa.com
Assunto: Solicitação de Suporte

Prezados,

Necessito de treinamento para usar o plataforma web.

Atenciosamente,
Isabela Carvalho
Pediatra",Produtivo
"De: jose-miguel31@example.com
Para: equipe@empresa.com
Assunto: Agradecimento

Olá equipe,

Agradecimentos pelo bom atendimento realizado.

Atenciosamente,
Rafaela Siqueira
Físico",Improdutivo
"De: freitasmaite@example.org
Para: equipe@empresa.com
Assunto: Reconhecimento

Olá equipe,

Muito obrigado pelo atendimento rápido.

Atenciosamente,
Dr. Felipe Rios
Produtor musical",Improdutivo
"De: cassianocarlos-eduardo@example.net
Para: suporte@empresa.com
Assunto: Dúvida sobre Sistema

Prezados,

Problema com a funcionalidade de exportação.

Atenciosamente,
Josué Silveira
Cineasta",Produtivo
"De: sborges@example.net
Para: suporte@empresa.com
Assunto: Dúvida sobre Sistema

Prezados,

Como resetar minha senha de acesso?

Atenciosamente,
Mathias Ramos
Preparador de máquinas",Produtivo
"De: vianaheloisa@example.org
Para: equipe@empresa.com
Assunto: Agradecimento

Olá equipe,

Agradeço pelo suporte sempre eficiente.

Atenciosamente,
Fernando Vieira
Gerente de vendas",Improdutivo
"De: melonatalia@example.net
Para: equipe@empresa.com
Assunto: Agradecimento

Olá equipe,

Agradeço pelo suporte prestado, foi muito útil.

Atenciosamente,
Alexia Nogueira
Guardador de veículos",Improdutivo
"De: fernandafernandes@example.com
Para: suporte@empresa.com
Assunto: Dúvida sobre Sistema

Prezados,

Erro ao tentar atualizar no módulo usuários.

Atenciosamente,
Rhavi Andrade
Engenheiro de processos",Produtivo
"De: lucasda-cruz@example.org
Para: equipe@empresa.com
Assunto: Cumprimentos

Olá equipe,

Agradeço pelo atendimento prestado, foi muito útil.

Atenciosamente,
Dr. Enzo Gabriel Casa Grande
Cabeleireiro",Improdutivo
"De: pedro-miguelcamara@example.net
Para: equipe@empresa.com
Assunto: Agradecimento

Olá equipe,

Agradeço pelo trabalho prestado, foi muito útil.

Atenciosamente,
Carolina Vieira
Defensor Público",Improdutivo
"De: larissaleao@example.net
Para: equipe@empresa.com
Assunto: Reconhecimento

Olá equipe,

Agradeço pela colaboração no projeto recente.

Atenciosamente,
Sr. Davi Luiz Sá
Escrivão",Improdutivo
"De: carvalhovalentina@example.net
Para: suporte@empresa.com
Assunto: Problema Técnico

Prezados,

Não consigo importar devido a relatórios.

Atenciosamente,
Manuela Gonçalves
Datilógrafo",Produtivo
"De: qgomes@example.org
Para: equipe@empresa.com
Assunto: Felitações

Olá equipe,

Desejo um final de semana maravilhoso para toda a equipe.

Atenciosamente,
Rebeca Cavalcanti
Office-boy",Improdutivo
"De: davi-luccada-costa@example.org
Para: equipe@empresa.com
Assunto: Cumprimentos

Olá equipe,

Agradeço pelo suporte sempre eficiente.

Atenciosamente,
Sophia Freitas
Soldador",Improdutivo
"De: giovannacavalcante@example.com
Para: suporte@empresa.com
Assunto: Dúvida sobre Sistema

Prezados,

Necessito de treinamento para usar o SAP.

Atenciosamente,
Ísis Nogueira
Lavador",Produtivo
"De: nogueiramaria-isis@example.org
Para: suporte@empresa.com
Assunto: Dúvida sobre Sistema

Prezados,

Preciso de suporte técnico para integração no sistema Salesforce.

Atenciosamente,
Dra. Ana Júlia da Paz
Modelista",Produtivo
"De: maria-helena62@example.net
Para: equipe@empresa.com
Assunto: Reconhecimento

Olá equipe,

Desejo sucesso no evento próximo.

Atenciosamente,
Sr. José Miguel Barros
Entalhador",Improdutivo
"De: ssilveira@example.com
Para: suporte@empresa.com
Assunto: Relatório de Erro

Prezados,

Erro ERRO_786 ao tentar acessar relatórios.

Atenciosamente,
Maitê Fernandes
Sociólogo",Produtivo
"De: tcaldeira@example.org
Para: suporte@empresa.com
Assunto: Solicitação de Suporte

Prezados,

Encontrei um erro ao configurar. Podem me ajudar?

Atenciosamente,
Fernanda Fernandes
Historiador",Produtivo
"De: qnogueira@example.org
Para: suporte@empresa.com
Assunto: Solicitação de Suporte

Prezados,

Problema com importação: não carrega corretamente

Atenciosamente,
Caleb Moura
Engenheiro de manufatura",Produtivo
"De: ycirino@example.com
Para: equipe@empresa.com
Assunto: Reconhecimento

Olá equipe,

Muito obrigado pela parceria.

Atenciosamente,
Kaique da Paz
Cameraman",Improdutivo
"De: cavalcantiana-beatriz@example.com
Para: suporte@empresa.com
Assunto: Dúvida sobre Sistema

Prezados,

Erro ao tentar importar no módulo configurações.

Atenciosamente,
Heloisa Mendonça
Sapateiro",Produtivo
"De: pereirafernanda@example.net
Para: suporte@empresa.com
Assunto: Dúvida sobre Sistema

Prezados,

Como resetar minha senha de acesso?

Atenciosamente,
Anna Liz Borges
Subprefeito",Produtivo
"De: ana-sophia85@example.com
Para: suporte@empresa.com
Assunto: Problema Técnico

Prezados,

Necessito de treinamento para usar o Oracle.

Atenciosamente,
Lorena Macedo
Cobrador de pedágio",Produtivo
"De: srezende@example.net
Para: suporte@empresa.com
Assunto: Solicitação de Suporte

Prezados,

Preciso de ajuda com a integração do sistema legado.

Atenciosamente,
Maria Sophia Almeida
Urologista",Produtivo
"De: luiz-henrique88@example.net
Para: equipe@empresa.com
Assunto: Felitações

Olá equipe,

Parabéns pelo aniversário da empresa!

Atenciosamente,
João Lucas Cirino
Cancerologista ou Oncologista",Improdutivo
"De: anthony76@example.org
Para: equipe@empresa.com
Assunto: Reconhecimento

Olá equipe,

Desejo sucesso no implementação.

Atenciosamente,
Luan Cardoso
Porteiro",Improdutivo
"De: nunesapollo@example.net
Para: suporte@empresa.com
Assunto: Solicitação de Suporte

Prezados,

Não consigo acessar devido a performance.

Atenciosamente,
Davi das Neves
Parteira tradicional",Produtivo
"De: vinicius93@example.org
Para: equipe@empresa.com
Assunto: Cumprimentos

Olá equipe,

Agradeço pelo trabalho prestado, foi muito útil.

Atenciosamente,
Dr. Ryan Andrade
Músico",Improdutivo
"De: diogovieira@example.net
Para: suporte@empresa.com
Assunto: Solicitação de Suporte

Prezados,

Necessito de suporte urgente para importante.

Atenciosamente,
Dante Casa Grande
Juiz ou árbitro de futebol",Produtivo
"De: santosana-carolina@example.net
Para: equipe@empresa.com
Assunto: Cumprimentos

Olá equipe,

Desejo um final de semana tranquilo.

Atenciosamente,
Paulo Rodrigues
Trilheiro ou músico de cinema",Improdutivo
"De: lunnada-cunha@example.com
Para: suporte@empresa.com
Assunto: Dúvida sobre Sistema

Prezados,

Solicito assistência para configurar o módulo de relatórios.

Atenciosamente,
Maitê das Neves
Orçamentista",Produtivo
"De: heloisadias@example.com
Para: equipe@empresa.com
Assunto: Reconhecimento

Olá equipe,

Parabéns pelo aniversário da empresa!

Atenciosamente,
Ana Julia Carvalho
Ascensorista",Improdutivo
"De: enrico88@example.net
Para: equipe@empresa.com
Assunto: Agradecimento

Olá equipe,

Muito obrigado pelo atendimento prestativo.

Atenciosamente,
Helena Gonçalves
Ascensorista",Improdutivo
"De: agatha74@example.com
Para: suporte@empresa.com
Assunto: Solicitação de Suporte

Prezados,

Problema com a funcionalidade de pesquisa.

Atenciosamente,
Théo da Mata
Selecionador de pessoal",Produtivo
"De: xsales@example.com
Para: equipe@empresa.com
Assunto: Reconhecimento

Olá equipe,

Feliz Natal para todos!

Atenciosamente,
Danilo da Conceição
Geógrafo",Improdutivo
"De: lunada-mota@example.org
Para: suporte@empresa.com
Assunto: Problema Técnico

Prezados,

Necessito de treinamento para usar o app mobile.

Atenciosamente,
Ana Sá
Cirurgião bucal",Produtivo
"De: yanporto@example.net
Para: suporte@empresa.com
Assunto: Relatório de Erro

Prezados,

Preciso de suporte técnico para configuração no sistema Oracle.

Atenciosamente,
Bento Borges
Militar do Exército",Produtivo
"De: milena36@example.org
Para: suporte@empresa.com
Assunto: Dúvida sobre Sistema

Prezados,

Preciso de suporte técnico para performance no sistema app mobile.

Atenciosamente,
Ísis Novais
Amolador de ferramentas",Produtivo
"De: costalais@example.net
Para: suporte@empresa.com
Assunto: Solicitação de Suporte

Prezados,

Encontrei um erro ao acessar. Podem me ajudar?

Atenciosamente,
Rafael Câmara
Ourives",Produtivo
"De: emachado@example.net
Para: equipe@empresa.com
Assunto: Agradecimento

Olá equipe,

Muito obrigado pela parceria.

Atenciosamente,
Isabel Sales
Instrumentista musical",Improdutivo
"De: sarabarbosa@example.com
Para: suporte@empresa.com
Assunto: Relatório de Erro

Prezados,

Solicito atualização do  sistema interno para a versão 1.7.

Atenciosamente,
Maria Fernanda da Cunha
Pedagogo",Produtivo
"De: gomesbruno@example.org
Para: equipe@empresa.com
Assunto: Felitações

Olá equipe,

Agradeço pelo suporte sempre eficiente.

Atenciosamente,
Srta. Ana Clara Jesus
Dedetizador",Improdutivo
"De: carolinavieira@example.com
Para: equipe@empresa.com
Assunto: Cumprimentos

Olá equipe,

Feliz Páscoa!

Atenciosamente,
Aurora Vieira
Consultor",Improdutivo
"De: dvargas@example.net
Para: suporte@empresa.com
Assunto: Solicitação de Suporte

Prezados,

Necessito de suporte urgente para importante.

Atenciosamente,
Sra. Nicole Nunes
Pecuarista",Produtivo
"De: maria-juliamacedo@example.net
Para: equipe@empresa.com
Assunto: Reconhecimento

Olá equipe,

Desejo um final de semana tranquilo.

Atenciosamente,
Ana Laura Pires
Remador",Improdutivo
"De: cda-luz@example.net
Para: suporte@empresa.com
Assunto: Relatório de Erro

Prezados,

Necessito de suporte urgente para urgente.

Atenciosamente,
Luna Santos
Lutador de karatê",Produtivo
"De: ymendonca@example.net
Para: suporte@empresa.com
Assunto: Relatório de Erro

Prezados,

Dúvida sobre como usar o dashboard.

Atenciosamente,
José Miguel da Paz
Técnico em radiologia",Produtivo
"De: oliveiralarissa@example.org
Para: suporte@empresa.com
Assunto: Relatório de Erro

Prezados,

Problema com o acesso ao painel administrativo.

Atenciosamente,
Olivia Gomes
Cinegrafista",Produtivo
"De: ucamargo@example.org
Para: equipe@empresa.com
Assunto: Reconhecimento

Olá equipe,

Aprecio muito a dedicação da equipe de suporte.

Atenciosamente,
Ravy Guerra
Engenheiro de iluminação",Improdutivo
"De: vicentealbuquerque@example.org
Para: equipe@empresa.com
Assunto: Cumprimentos

Olá equipe,

Agradeço pela paciência e atenção.

Atenciosamente,
Dr. Ravy Moreira
Tecnólogo em rochas ornamentais",Improdutivo
"De: ana-vitoriacavalcante@example.com
Para: equipe@empresa.com
Assunto: Felitações

Olá equipe,

Desejo sucesso no lançamento.

Atenciosamente,
Laís Borges
Torneiro mecânico",Improdutivo
"De: riossabrina@example.org
Para: suporte@empresa.com
Assunto: Problema Técnico

Prezados,

Problema com exportação: apresenta erro inesperado

Atenciosamente,
Marcela Rodrigues
General",Produtivo
"De: davi-luizaraujo@example.org
Para: equipe@empresa.com
Assunto: Felitações

Olá equipe,

Cumprimentos pela equipe competente.

Atenciosamente,
Mariah Jesus
Preparador de máquinas",Improdutivo
"De: calebeteixeira@example.org
Para: equipe@empresa.com
Assunto: Agradecimento

Olá equipe,

Excelente trabalho no migração de dados.

Atenciosamente,
Isis das Neves
Contábil",Improdutivo
"De: ravialbuquerque@example.org
Para: equipe@empresa.com
Assunto: Felitações

Olá equipe,

Feliz Natal!

Atenciosamente,
Carlos Eduardo das Neves
Radiooperador de vôo",Improdutivo
"De: emanuellamelo@example.net
Para: equipe@empresa.com
Assunto: Agradecimento

Olá equipe,

Cumprimentos pela equipe competente.

Atenciosamente,
Maria Sophia Câmara
Pneumologista",Improdutivo
"De: henry-gabrielda-luz@example.com
Para: suporte@empresa.com
Assunto: Solicitação de Suporte

Prezados,

Solicito atualização do Microsoft Dynamics para a versão 4.6.

Atenciosamente,
Davi Lucas Monteiro
Instrutor",Produtivo
"De: vcamara@example.com
Para: suporte@empresa.com
Assunto: Solicitação de Suporte

Prezados,

Solicitação de suporte para o projeto Repellat.

Atenciosamente,
Ana Clara Campos
Técnico em taquigrafia",Produtivo
"De: juan90@example.org
Para: suporte@empresa.com
Assunto: Problema Técnico

Prezados,

Solicito informações sobre licenciamento.

Atenciosamente,
Thiago Nascimento
Farmacêutico",Produtivo
"De: maria-laura98@example.com
Para: equipe@empresa.com
Assunto: Cumprimentos

Olá equipe,

Feliz Páscoa!

Atenciosamente,
Erick Macedo
Despachante",Improdutivo
"De: jfarias@example.org
Para: equipe@empresa.com
Assunto: Cumprimentos

Olá equipe,

Aprecio muito a dedicação da equipe de vendas.

Atenciosamente,
Agatha Teixeira
Oceanógrafo",Improdutivo
"De: xfreitas@example.org
Para: equipe@empresa.com
Assunto: Felitações

Olá equipe,

Parabéns pelo excelente trabalho no última demanda.

Atenciosamente,
Raul Melo
Dublê",Improdutivo
"De: fernando17@example.com
Para: equipe@empresa.com
Assunto: Cumprimentos

Olá equipe,

Agradeço pelo trabalho prestado, foi muito útil.

Atenciosamente,
Bernardo da Cruz
Engenheiro de telecomunicações",Improdutivo
"De: da-conceicaogabriela@example.net
Para: equipe@empresa.com
Assunto: Reconhecimento

Olá equipe,

Cumprimentos pela qualidade do suporte.

Atenciosamente,
Brenda da Cruz
Hematologista",Improdutivo
"De: zsilva@example.net
Para: equipe@empresa.com
Assunto: Cumprimentos

Olá equipe,

Reconhecimento pelo esforço da equipe.

Atenciosamente,
Maria Isis da Costa
Ferramenteiro",Improdutivo
"De: cavalcantejoao-gabriel@example.org
Para: equipe@empresa.com
Assunto: Felitações

Olá equipe,

Reconhecimento pelo esforço da equipe.

Atenciosamente,
Marcos Vinicius Vargas
Auxiliar de reprografia",Improdutivo
"De: davi-miguel01@example.com
Para: equipe@empresa.com
Assunto: Agradecimento

Olá equipe,

Desejo um natal maravilhoso para toda a equipe.

Atenciosamente,
Luiz Otávio Farias
Operador de telemarketing",Improdutivo
"De: freitasbryan@example.org
Para: suporte@empresa.com
Assunto: Relatório de Erro

Prezados,

Não consigo exportar devido a integração.

Atenciosamente,
Maria Alice Brito
Imunologista",Produtivo
"De: msiqueira@example.org
Para: suporte@empresa.com
Assunto: Relatório de Erro

Prezados,

Solicito informações sobre licenciamento.

Atenciosamente,
Ravi Gonçalves
Tecnólogo em recursos pesqueiros",Produtivo
"De: yuri47@example.net
Para: suporte@empresa.com
Assunto: Problema Técnico

Prezados,

Solicito atualização do plataforma web para a versão 3.6.

Atenciosamente,
Guilherme Pinto
Militar do Exército",Produtivo
"De: agatha39@example.net
Para: suporte@empresa.com
Assunto: Solicitação de Suporte

Prezados,

Solicito atualização do app mobile para a versão 2.2.

Atenciosamente,
Maria Clara Monteiro
Percursionista",Produtivo
"De: caiofogaca@example.net
Para: equipe@empresa.com
Assunto: Cumprimentos

Olá equipe,

Muito obrigado pela parceria.

Atenciosamente,
Marcela Farias
Engenheiro de iluminação",Improdutivo
"De: arthursilva@example.net
Para: suporte@empresa.com
Assunto: Problema Técnico

Prezados,

Necessito de treinamento para usar o Microsoft Dynamics.

Atenciosamente,
Mateus das Neves
Prensista",Produtivo
"De: joao-pedrodias@example.net
Para: equipe@empresa.com
Assunto: Felitações

Olá equipe,

Parabéns pelo excelente trabalho no última demanda.

Atenciosamente,
Milena Ramos
Engenheiro acústico",Improdutivo
"De: ofarias@example.com
Para: equipe@empresa.com
Assunto: Felitações

Olá equipe,

Excelente trabalho no implementação do sistema.

Atenciosamente,
Calebe da Mota
Baixista",Improdutivo
"De: maysa92@example.com
Para: suporte@empresa.com
Assunto: Solicitação de Suporte

Prezados,

Erro ERRO_781 ao tentar acessar relatórios.

Atenciosamente,
Olivia Câmara
Borracheiro",Produtivo
"De: mendesdavi-lucca@example.org
Para: suporte@empresa.com
Assunto: Relatório de Erro

Prezados,

Necessito de treinamento para usar o Microsoft Dynamics.

Atenciosamente,
Isabelly Peixoto
Policial federal",Produtivo
"De: fariasjoao-lucas@example.org
Para: equipe@empresa.com
Assunto: Cumprimentos

Olá equipe,

Aprecio muito a dedicação da equipe de suporte.

Atenciosamente,
Sr. Ravi Teixeira
Cenógrafo",Improdutivo
"De: henry61@example.net
Para: suporte@empresa.com
Assunto: Relatório de Erro

Prezados,

Necessito de treinamento para usar o SAP.

Atenciosamente,
Ana Sophia da Mota
Gourmet",Produtivo
"De: da-matavitoria@example.com
Para: equipe@empresa.com
Assunto: Cumprimentos

Olá equipe,

Parabéns pelo excelente trabalho no tarefa concluída.

Atenciosamente,
Rafaela Nascimento
Contábil",Improdutivo
"De: borgesdavi-miguel@example.net
Para: equipe@empresa.com
Assunto: Felitações

Olá equipe,

Reconhecimento pelo esforço da equipe.

Atenciosamente,
Isabel Pimenta
Técnico em taquigrafia",Improdutivo
"De: jlima@example.net
Para: suporte@empresa.com
Assunto: Dúvida sobre Sistema

Prezados,

Dúvida sobre como usar o módulo de relatórios.

Atenciosamente,
Daniel Ferreira
Viveirista",Produtivo
"De: smendes@example.com
Para: equipe@empresa.com
Assunto: Reconhecimento

Olá equipe,

Agradeço pela colaboração no última demanda.

Atenciosamente,
Nathan Brito
Bombeiro",Improdutivo
"De: henriqueborges@example.org
Para: suporte@empresa.com
Assunto: Dúvida sobre Sistema

Prezados,

Encontrei um erro ao exportar. Podem me ajudar?

Atenciosamente,
Agatha da Paz
Engenheiro elétrico",Produtivo
"De: rmoraes@example.net
Para: suporte@empresa.com
Assunto: Problema Técnico

Prezados,

Como resetar minha senha de acesso?

Atenciosamente,
Davi Lucas Rocha
Escultor",Produtivo
"De: lucas-gabrielpastor@example.net
Para: suporte@empresa.com
Assunto: Problema Técnico

Prezados,

Preciso de suporte técnico para performance no sistema Salesforce.

Atenciosamente,
Dr. Raul Campos
Ortoptista",Produtivo
"De: lunna58@example.net
Para: equipe@empresa.com
Assunto: Reconhecimento

Olá equipe,

Agradeço pela colaboração no última demanda.

Atenciosamente,
Sr. Alexandre da Rocha
Engenheiro de controle e automação",Improdutivo
"De: nataliamontenegro@example.net
Para: equipe@empresa.com
Assunto: Reconhecimento

Olá equipe,

Agradeço pela paciência e atenção.

Atenciosamente,
Sofia Guerra
Crítico",Improdutivo
"De: manuella90@example.net
Para: equipe@empresa.com
Assunto: Agradecimento

Olá equipe,

Desejo um natal maravilhoso para toda a equipe.

Atenciosamente,
Luiz Fernando Teixeira
Cabeleireiro",Improdutivo
"De: apolloazevedo@example.org
Para: suporte@empresa.com
Assunto: Problema Técnico

Prezados,

Necessito de suporte urgente para critica.

Atenciosamente,
Ravy Montenegro
Artista de circo",Produtivo
"De: estherda-paz@example.net
Para: equipe@empresa.com
Assunto: Cumprimentos

Olá equipe,

Agradeço pela colaboração no tarefa concluída.

Atenciosamente,
Rafael Leão
Jogador de hóquei",Improdutivo
"De: cassianoisis@example.com
Para: equipe@empresa.com
Assunto: Agradecimento

Olá equipe,

Agradeço pelo suporte prestado, foi muito útil.

Atenciosamente,
Júlia Dias
Babá",Improdutivo
"De: helenasilveira@example.com
Para: suporte@empresa.com
Assunto: Solicitação de Suporte

Prezados,

Solicito assistência para configurar o módulo de relatórios.

Atenciosamente,
Isadora Pacheco
Engenheiro de materiais",Produtivo
"De: wmonteiro@example.org
Para: equipe@empresa.com
Assunto: Cumprimentos

Olá equipe,

Cumprimentos pela equipe competente.

Atenciosamente,
Augusto Câmara
Representante comercial",Improdutivo
"De: azevedojoao-pedro@example.org
Para: equipe@empresa.com
Assunto: Reconhecimento

Olá equipe,

Parabéns pelo aniversário da empresa!

Atenciosamente,
Srta. Maria Laura Moraes
Embaixador",Improdutivo
"De: camargoana-liz@example.net
Para: suporte@empresa.com
Assunto: Dúvida sobre Sistema

Prezados,

Solicitação de suporte para o projeto Veniam.

Atenciosamente,
Raquel Ferreira
Coach",Produtivo
"De: helenacardoso@example.org
Para: suporte@empresa.com
Assunto: Solicitação de Suporte

Prezados,

Necessito de suporte urgente para importante.

Atenciosamente,
Laura Nogueira
Optometrista",Produtivo
"De: maria-fernanda03@example.org
Para: equipe@empresa.com
Assunto: Agradecimento

Olá equipe,

Agradeço pelo suporte sempre eficiente.

Atenciosamente,
José Pedro Ribeiro
Coordenador",Improdutivo
"De: sarah94@example.org
Para: suporte@empresa.com
Assunto: Dúvida sobre Sistema

Prezados,

Problema com a funcionalidade de exportação.

Atenciosamente,
Arthur Miguel Melo
Pediatra",Produtivo
"De: azevedobarbara@example.org
Para: equipe@empresa.com
Assunto: Cumprimentos

Olá equipe,

Cumprimentos pela qualidade do atendimento.

Atenciosamente,
Thiago Cavalcanti
Gerente de riscos em seguros",Improdutivo
"De: eduarte@example.net
Para: equipe@empresa.com
Assunto: Agradecimento

Olá equipe,

Feliz Páscoa para todos!

Atenciosamente,
Fernanda Cavalcanti
Camelô",Improdutivo
"De: teixeirasarah@example.org
Para: suporte@empresa.com
Assunto: Relatório de Erro

Prezados,

Como faço para acessar no sistema?

Atenciosamente,
Maria Alice Ribeiro
Pianista",Produtivo
"De: anthonyribeiro@example.com
Para: equipe@empresa.com
Assunto: Reconhecimento

Olá equipe,

Desejo sucesso no lançamento.

Atenciosamente,
Giovanna da Costa
Bedel",Improdutivo
"De: nmendonca@example.com
Para: equipe@empresa.com
Assunto: Cumprimentos

Olá equipe,

Parabéns pelo aniversário da empresa!

Atenciosamente,
Sra. Maria Luísa Peixoto
Cobrador de ônibus",Improdutivo
"De: luigiaraujo@example.com
Para: suporte@empresa.com
Assunto: Solicitação de Suporte

Prezados,

Dúvida sobre como usar o painel administrativo.

Atenciosamente,
Luiz Fernando Casa Grande
Karateca",Produtivo
"De: monteirodavi-lucca@example.com
Para: equipe@empresa.com
Assunto: Reconhecimento

Olá equipe,

Parabéns pelo excelente trabalho no tarefa concluída.

Atenciosamente,
Guilherme Farias
Engenheiro de som",Improdutivo
"De: miguelmoreira@example.net
Para: equipe@empresa.com
Assunto: Felitações

Olá equipe,

Feliz Natal para todos!

Atenciosamente,
Henry Gabriel Santos
Contramestre em transporte marítimo",Improdutivo
"De: jade48@example.com
Para: equipe@empresa.com
Assunto: Felitações

Olá equipe,

Feliz Carnaval para todos!

Atenciosamente,
Luiz Henrique Garcia
Reumatologista",Improdutivo
"De: lopeseloah@example.org
Para: suporte@empresa.com
Assunto: Solicitação de Suporte

Prezados,

Como faço para importar no sistema?

Atenciosamente,
Antony Novaes
Guarda roupeiro",Produtivo
"De: jcavalcanti@example.net
Para: suporte@empresa.com
Assunto: Solicitação de Suporte

Prezados,

Como faço para atualizar no sistema?

Atenciosamente,
Alice Teixeira
Ambulante",Produtivo
"De: vpeixoto@example.com
Para: equipe@empresa.com
Assunto: Reconhecimento

Olá equipe,

Agradeço pela paciência e atenção.

Atenciosamente,
Enrico Costela
Adestrador de animais",Improdutivo
"De: arthur-gabrielrios@example.net
Para: suporte@empresa.com
Assunto: Relatório de Erro

Prezados,

Como faço para acessar no sistema?

Atenciosamente,
Davi Aragão
Cirurgião dentista",Produtivo
"De: joao40@example.org
Para: equipe@empresa.com
Assunto: Reconhecimento

Olá equipe,

Agradeço pelo suporte sempre eficiente.

Atenciosamente,
Sr. Dante Cardoso
Coreógrafo",Improdutivo
"De: abreuthales@example.org
Para: suporte@empresa.com
Assunto: Relatório de Erro

Prezados,

Como faço para acessar no sistema?

Atenciosamente,
Maria Laura Araújo
Lavador",Produtivo
"De: enrico55@example.org
Para: equipe@empresa.com
Assunto: Agradecimento

Olá equipe,

Agradeço pela paciência e atenção.

Atenciosamente,
Gabrielly Leão
Jóquei",Improdutivo
"De: onunes@example.org
Para: suporte@empresa.com
Assunto: Relatório de Erro

Prezados,

Problema com a funcionalidade de pesquisa.

Atenciosamente,
Esther da Luz
Gestor de tecnologia da informação",Produtivo
"De: sabreu@example.org
Para: equipe@empresa.com
Assunto: Cumprimentos

Olá equipe,

Feliz Ano Novo!

Atenciosamente,
Théo Duarte
Alergologista",Improdutivo
"De: alexialopes@example.org
Para: suporte@empresa.com
Assunto: Relatório de Erro

Prezados,

Necessito de treinamento para usar o SAP.

Atenciosamente,
Enzo Gabriel Mendes
Ambientalista",Produtivo
"De: cirinodom@example.com
Para: suporte@empresa.com
Assunto: Problema Técnico

Prezados,

Problema de performance no banco de dados.

Atenciosamente,
Sra. Caroline Cunha
Kite-surfer",Produtivo
"De: xvasconcelos@example.net
Para: suporte@empresa.com
Assunto: Dúvida sobre Sistema

Prezados,

Erro ERRO_308 ao tentar acessar relatórios.

Atenciosamente,
Clara da Mota
Técnico em desporto",Produtivo
"De: lorenzo63@example.net
Para: suporte@empresa.com
Assunto: Problema Técnico

Prezados,

Dúvida sobre como usar o dashboard.

Atenciosamente,
Emilly Lima
Produtor de eventos",Produtivo
"De: laispinto@example.com
Para: equipe@empresa.com
Assunto: Agradecimento

Olá equipe,

Parabéns pelo excelente trabalho no tarefa concluída.

Atenciosamente,
Vicente Caldeira
Degustador",Improdutivo
"De: igorcarvalho@example.com
Para: suporte@empresa.com
Assunto: Relatório de Erro

Prezados,

Dúvida sobre como usar o dashboard.

Atenciosamente,
Maria Helena Sá
Preparador de máquinas",Produtivo
"De: vasconceloserick@example.com
Para: equipe@empresa.com
Assunto: Reconhecimento

Olá equipe,

Que tenham um final de semana abençoado!

Atenciosamente,
Brenda Pires
Retificador",Improdutivo
"De: liamaparecida@example.net
Para: suporte@empresa.com
Assunto: Problema Técnico

Prezados,

Necessito de treinamento para usar o Oracle.

Atenciosamente,
André Fogaça
Técnico tributarista",Produtivo
"De: sararezende@example.com
Para: equipe@empresa.com
Assunto: Agradecimento

Olá equipe,

Feliz Páscoa!

Atenciosamente,
Sra. Ana Beatriz Sampaio
Lapidário",Improdutivo
"De: thalespires@example.com
Para: equipe@empresa.com
Assunto: Cumprimentos

Olá equipe,

Agradeço pelo atendimento prestado, foi muito útil.

Atenciosamente,
Clara Rodrigues
Caça-talentos/Olheiro",Improdutivo
"De: luiz-felipegomes@example.org
Para: suporte@empresa.com
Assunto: Problema Técnico

Prezados,

Necessito de treinamento para usar o plataforma web.

Atenciosamente,
José Cirino
Arquiteto",Produtivo
"De: ravi-lucca74@example.org
Para: equipe@empresa.com
Assunto: Agradecimento

Olá equipe,

Agradeço pelo trabalho prestado, foi muito útil.

Atenciosamente,
Dr. João Pedro Porto
Operador de bombas",Improdutivo
"De: nathanmendes@example.net
Para: equipe@empresa.com
Assunto: Agradecimento

Olá equipe,

Parabéns pelo aniversário da empresa!

Atenciosamente,
Maria Helena da Paz
Perfusionista",Improdutivo
"De: ucastro@example.net
Para: suporte@empresa.com
Assunto: Dúvida sobre Sistema

Prezados,

Problema de performance no banco de dados.

Atenciosamente,
Isabel Nunes
Tecnólogo em esporte e lazer",Produtivo
"De: vpereira@example.net
Para: equipe@empresa.com
Assunto: Felitações

Olá equipe,

Cumprimentos pela equipe competente.

Atenciosamente,
Anthony Azevedo
Mergulhador",Improdutivo
"De: gustavo99@example.com
Para: equipe@empresa.com
Assunto: Agradecimento

Olá equipe,

Cumprimentos pela equipe competente.

Atenciosamente,
Benicio Borges
Estatístico",Improdutivo
"De: ana-livia17@example.com
Para: equipe@empresa.com
Assunto: Agradecimento

Olá equipe,

Muito obrigado pela parceria.

Atenciosamente,
Davi Luiz Pires
Administrador de banco de dados DBA",Improdutivo
"De: cecilia48@example.net
Para: equipe@empresa.com
Assunto: Agradecimento

Olá equipe,

Parabéns pelo excelente trabalho no tarefa concluída.

Atenciosamente,
Caroline Ferreira
Tosador",Improdutivo
"De: lnovais@example.org
Para: equipe@empresa.com
Assunto: Felitações

Olá equipe,

Agradeço pelo suporte sempre eficiente.

Atenciosamente,
Dr. Kaique Duarte
Entalhador",Improdutivo
"De: rnogueira@example.com
Para: equipe@empresa.com
Assunto: Reconhecimento

Olá equipe,

Muito obrigado pelo atendimento prestativo.

Atenciosamente,
Srta. Olivia Vargas
Músico",Improdutivo
"De: guilherme71@example.org
Para: suporte@empresa.com
Assunto: Solicitação de Suporte

Prezados,

Necessito de treinamento para usar o Oracle.

Atenciosamente,
Srta. Juliana Lopes
Orçamentista",Produtivo
"De: jesussophia@example.org
Para: suporte@empresa.com
Assunto: Relatório de Erro

Prezados,

Preciso de ajuda com a integração do API externa.

Atenciosamente,
Dr. Henry Gabriel Melo
Engenheiro de materiais",Produtivo
"De: castroluiz-fernando@example.com
Para: suporte@empresa.com
Assunto: Solicitação de Suporte

Prezados,

Erro ERRO_574 ao tentar acessar relatórios.

Atenciosamente,
Isadora Leão
Auxiliar administrativo",Produtivo
"De: mandrade@example.net
Para: equipe@empresa.com
Assunto: Felitações

Olá equipe,

Agradeço pelo suporte sempre eficiente.

Atenciosamente,
Enzo Gabriel Pereira
Tecnólogo em esporte e lazer",Improdutivo
"De: enzo-gabrielnovais@example.net
Para: suporte@empresa.com
Assunto: Dúvida sobre Sistema

Prezados,

Encontrei um erro ao acessar. Podem me ajudar?

Atenciosamente,
Lorena Silveira
Ascensorista",Produtivo
"De: vinicius92@example.net
Para: equipe@empresa.com
Assunto: Agradecimento

Olá equipe,

Muito obrigado pela parceria.

Atenciosamente,
Sra. Lavínia Pacheco
Necromaquiador",Improdutivo
"De: levi92@example.org
Para: suporte@empresa.com
Assunto: Problema Técnico

Prezados,

Preciso de ajuda com a integração do sistema legado.

Atenciosamente,
Sr. Fernando Silveira
Tenista",Produtivo
"De: isadorabarbosa@example.org
Para: equipe@empresa.com
Assunto: Felitações

Olá equipe,

Agradeço pelo suporte prestado, foi muito útil.

Atenciosamente,
Luísa Nunes
Médico",Improdutivo
"De: silveiramaite@example.net
Para: equipe@empresa.com
Assunto: Cumprimentos

Olá equipe,

Aprecio muito a dedicação da equipe de vendas.

Atenciosamente,
Ana Cecília Rezende
Chapeiro",Improdutivo
"De: jribeiro@example.net
Para: suporte@empresa.com
Assunto: Solicitação de Suporte

Prezados,

Solicito atualização do SAP para a versão 2.9.

Atenciosamente,
Dante Barros
Cartógrafo",Produtivo
"De: stephany15@example.net
Para: equipe@empresa.com
Assunto: Agradecimento

Olá equipe,

Desejo sucesso no implementação.

Atenciosamente,
Yago Melo
Técnico em edificações",Improdutivo
"De: ifarias@example.com
Para: suporte@empresa.com
Assunto: Dúvida sobre Sistema

Prezados,

Preciso de ajuda com a integração do API externa.

Atenciosamente,
Leonardo da Paz
Ombudsman",Produtivo
"De: emanuellalopes@example.net
Para: equipe@empresa.com
Assunto: Reconhecimento

Olá equipe,

Feliz Páscoa!

Atenciosamente,
Maria Julia Ribeiro
Prático",Improdutivo
"De: emilly12@example.com
Para: suporte@empresa.com
Assunto: Relatório de Erro

Prezados,

Encontrei um erro ao configurar. Podem me ajudar?

Atenciosamente,
Srta. Agatha Camargo
Entalhador",Produtivo
"De: lvasconcelos@example.com
Para: suporte@empresa.com
Assunto: Solicitação de Suporte

Prezados,

Necessito de suporte urgente para urgente.

Atenciosamente,
Antônio Andrade
General",Produtivo
"De: avargas@example.com
Para: suporte@empresa.com
Assunto: Problema Técnico

Prezados,

Encontrei um erro ao configurar. Podem me ajudar?

Atenciosamente,
Caroline Vieira
Analista de sistemas",Produtivo
"De: da-luzdavi-miguel@example.org
Para: suporte@empresa.com
Assunto: Relatório de Erro

Prezados,

Problema com exportação: não carrega corretamente

Atenciosamente,
Benjamin Barbosa
Lanterneiro",Produtivo
"De: hferreira@example.net
Para: equipe@empresa.com
Assunto: Agradecimento

Olá equipe,

Feliz Natal para todos!

Atenciosamente,
Dra. Maria Eduarda Rodrigues
Cientista da informação e documentação",Improdutivo
"De: leticia23@example.com
Para: equipe@empresa.com
Assunto: Cumprimentos

Olá equipe,

Feliz Natal!

Atenciosamente,
João Miguel Aparecida
Tintureiro",Improdutivo
"De: bruna38@example.net
Para: equipe@empresa.com
Assunto: Cumprimentos

Olá equipe,

Desejo um final de semana maravilhoso para toda a equipe.

Atenciosamente,
Maria Júlia Barros
Paparazzo",Improdutivo
"De: wbrito@example.net
Para: suporte@empresa.com
Assunto: Relatório de Erro

Prezados,

Necessito de treinamento para usar o plataforma web.

Atenciosamente,
Amanda da Luz
Técnico em desporto",Produtivo
